ply
format ascii 1.0
element vertex 7318
property float x
property float y
property float z
property int segment_id
end_header
85118.790001 446792.989998 2.06 4
85118.540001 446792.800003 2.05 4
85118.5 446792.870003 8.049999999999999 3
85118.35 446792.849998 6.26 3
85118.24 446792.870003 4.359999999999999 4
85118.129999 446792.900002 2.14 4
85119.0 446793.349998 13.979999999999999 0
85118.74 446793.150002 13.969999999999999 0
85118.48 446792.949997 13.969999999999999 0
85118.190001 446792.879997 10.889999999999999 0
85118.1 446792.93 8.58 4
85118.0 446792.980003 6.3 3
85117.9 446793.029999 3.8899999999999997 4
85117.77 446793.029999 1.99 0
85119.08 446793.68 15.76 1
85119.219999 446793.889999 13.99 0
85118.799999 446793.470001 15.75 0
85118.559999 446793.279999 15.709999999999999 0
85118.27 446793.050003 15.78 0
85118.4 446793.239998 14.17 0
85118.16 446793.059998 13.99 0
85117.9 446793.029999 10.66 4
85117.809999 446793.099998 8.1 4
85117.74 446793.199997 5.35 4
85117.68 446793.290001 2.6199999999999997 4
85120.059999 446794.849998 15.77 1
85119.799999 446794.639999 15.76 1
85119.530001 446794.440002 15.709999999999999 1
85119.280001 446794.239998 15.7 1
85119.01 446794.029999 15.84 1
85118.74 446793.809998 16.02 1
85118.459999 446793.580002 16.129998999999998 1
85118.200001 446793.389999 15.85 0
85117.98 446793.230003 15.629999999999999 0
85118.09 446793.389999 14.17 0
85117.82 446793.190002 13.969999999999999 0
85117.74 446793.25 11.799999999999999 0
85117.65 446793.300003 9.45 4
85117.6 446793.400002 6.85 3
85117.5 446793.459999 4.27 4
85117.58 446793.589996 3.15 0
85117.440001 446793.57 1.3699999999999999 0
85121.040001 446796.0 15.77 1
85120.75 446795.779999 15.76 1
85120.51 446795.589996 15.7 1
85120.25 446795.389999 15.709999999999999 1
85120.0 446795.18 15.78 1
85119.700001 446794.940002 15.989999999999998 1
85119.42 446794.709999 16.120001 1
85119.16 446794.5 16.219998999999998 1
85118.879999 446794.279999 16.32 1
85118.610001 446794.07 16.389999 1
85118.360001 446793.860001 16.49 1
85118.120001 446793.699997 16.15 2
85117.889999 446793.540001 15.7 0
85117.75 446793.519997 13.969999999999999 0
85117.549999 446793.610001 9.5 4
85117.49 446793.699997 6.9399999999999995 3
85117.42 446793.779999 4.319999999999999 4
85117.58 446794.019997 2.19 0
85117.33 446793.82 2.17 0
85122.700001 446797.75 13.979999999999999 0
85122.450001 446797.559998 13.969999999999999 0
85122.01 446797.110001 15.77 1
85121.76 446796.919998 15.76 1
85121.51 446796.720001 15.719999999999999 1
85121.26 446796.529999 15.7 1
85120.98 446796.309998 15.729999999999999 1
85120.690001 446796.07 15.93 1
85120.42 446795.860001 16.049999 1
85120.139999 446795.629997 16.169999999999998 1
85119.879999 446795.419998 16.259999999999998 1
85119.620001 446795.209999 16.32 1
85119.360001 446795.0 16.440001 1
85119.08 446794.779999 16.549999 1
85118.790001 446794.550003 16.65 1
85118.540001 446794.339996 16.75 1
85118.26 446794.120003 16.73 1
85118.040001 446793.970001 16.379998999999998 2
85117.809999 446793.809998 15.959999999999999 2
85117.58 446793.650002 15.709999999999999 2
85117.700001 446793.82 14.209999999999999 0
85117.440001 446793.629997 13.969999999999999 0
85117.34 446793.870003 8.16 3
85117.200001 446793.849998 6.39 3
85117.35 446794.080002 4.37 4
85117.51 446794.309998 2.26 0
85117.25 446794.110001 2.21 0
85117.0 446793.93 2.02 0
85122.790001 446798.059998 15.76 1
85122.530001 446797.860001 15.77 1
85122.27 446797.650002 15.7 1
85121.99 446797.43 15.7 1
85121.74 446797.230003 15.76 1
85121.440001 446796.989998 16.009999999999998 1
85121.18 446796.779999 16.09 1
85120.91 446796.559998 16.24 1
85120.66 446796.360001 16.280001 1
85120.360001 446796.129997 16.379998999999998 1
85120.09 446795.900002 16.509999999999998 1
85119.82 446795.690002 16.540001 1
85119.549999 446795.470001 16.669999999999998 1
85119.280001 446795.260002 16.77 1
85119.030001 446795.059998 16.799999 1
85118.76 446794.839996 16.950001 1
85118.48 446794.620003 17.049999 1
85118.209999 446794.410004 17.0 1
85117.99 446794.25 16.669999999999998 2
85117.74 446794.080002 16.25 2
85117.540001 446793.940002 15.76 2
85117.4 446793.93 14.1 0
85117.309999 446794.18 8.18 3
85117.049999 446793.970001 8.15 3
85117.219999 446794.419998 2.19 0
85116.950001 446794.209999 2.17 0
85116.77 446794.129997 0.96 0
85124.040001 446799.470001 15.739999999999998 1
85123.790001 446799.279999 15.77 1
85123.52 446799.059998 15.739999999999998 1
85123.25 446798.860001 15.69 1
85122.98 446798.650002 15.719999999999999 1
85122.700001 446798.419998 15.899999999999999 1
85122.43 446798.199997 16.0 1
85122.17 446797.989998 16.15 1
85121.9 446797.769997 16.219998999999998 1
85121.620001 446797.550003 16.34 1
85121.34 446797.32 16.41 1
85121.07 446797.110001 16.57 1
85120.799999 446796.889999 16.559998999999998 1
85120.530001 446796.68 16.700001 1
85120.27 446796.459999 16.780001 1
85120.01 446796.260002 16.879998999999998 1
85119.719999 446796.029999 16.99 1
85119.450001 446795.809998 17.07 1
85119.190001 446795.599998 17.129998999999998 1
85118.91 446795.370003 17.290001 1
85118.65 446795.169998 17.309998999999998 1
85118.379999 446794.949997 17.49 1
85118.129999 446794.769997 17.349999999999998 1
85117.9 446794.610001 16.919999999999998 2
85117.66 446794.440002 16.459999 2
85117.440001 446794.290001 16.129998999999998 2
85117.190001 446794.120003 15.7 2
85117.07 446794.110001 14.01 0
85117.0 446794.370003 8.18 3
85116.719999 446794.150002 8.129999999999999 3
85116.809999 446794.290001 6.85 3
85116.879999 446794.599998 2.19 0
85116.620001 446794.389999 2.1599999999999997 0
85125.940001 446801.529999 13.979999999999999 0
85125.68 446801.32 13.979999999999999 0
85125.26 446800.900002 15.739999999999998 1
85124.99 446800.690002 15.77 1
85124.73 446800.489998 15.729999999999999 1
85124.450001 446800.269997 15.69 1
85124.200001 446800.07 15.709999999999999 1
85123.9 446799.830002 15.91 1
85123.629999 446799.610001 16.049999 1
85123.360001 446799.389999 16.18 1
85123.110001 446799.190002 16.23 1
85122.82 446798.970001 16.280001 1
85122.540001 446798.739998 16.440001 1
85122.27 446798.519997 16.549999 1
85122.0 446798.300003 16.620001 1
85121.73 446798.089996 16.690001 1
85121.48 446797.889999 16.759999999999998 1
85121.209999 446797.669998 16.9 1
85120.93 446797.449997 16.969998999999998 1
85120.639999 446797.220001 17.08 1
85120.389999 446797.019997 17.139999 1
85120.1 446796.779999 17.24 1
85119.58 446796.360001 17.459999 1
85119.32 446796.160004 17.530001 1
85119.040001 446795.93 17.629998999999998 1
85118.76 446795.709999 17.719998999999998 1
85118.5 446795.5 17.82 1
85118.219999 446795.279999 17.889999 1
85117.99 446795.120003 17.559998999999998 2
85117.77 446794.970001 17.190001 2
85117.540001 446794.809998 16.780001 2
85117.309999 446794.639999 16.43 2
85117.059999 446794.470001 16.0 2
85116.83 446794.309998 15.709999999999999 2
85116.690001 446794.290001 13.969999999999999 5
85116.610001 446794.540001 8.17 3
85116.469999 446794.519997 6.55 3
85116.51 446794.779999 2.21 0
85116.25 446794.589996 2.02 0
85126.879999 446802.730003 13.979999999999999 0
85126.459999 446802.300003 15.75 0
85126.629999 446802.529999 13.979999999999999 0
85126.200001 446802.099998 15.76 1
85126.370001 446802.330002 13.969999999999999 0
85125.93 446801.889999 15.709999999999999 1
85125.65 446801.669998 15.69 1
85125.4 446801.470001 15.719999999999999 1
85125.1 446801.230003 15.91 1
85124.84 446801.019997 16.009999999999998 1
85124.57 446800.800003 16.09 1
85124.309999 446800.589996 16.23 1
85124.02 446800.360001 16.33 1
85123.74 446800.139999 16.389999 1
85123.469999 446799.919998 16.509999999999998 1
85123.190001 446799.699997 16.610001 1
85122.93 446799.489998 16.68 1
85122.67 446799.279999 16.799999 1
85122.389999 446799.059998 16.940001 1
85122.120001 446798.839996 16.969998999999998 1
85121.84 446798.620003 17.040001 1
85121.58 446798.410004 17.169999999999998 1
85121.290001 446798.18 17.25 1
85121.030001 446797.970001 17.379998999999998 1
85120.77 446797.760002 17.450001 1
85120.51 446797.559998 17.5 1
85120.23 446797.32 17.629998999999998 1
85119.950001 446797.099998 17.73 1
85119.68 446796.889999 17.82 1
85119.41 446796.660004 17.950001 1
85119.139999 446796.449997 18.02 1
85118.889999 446796.25 18.09 1
85118.620001 446796.040001 18.190001 1
85118.34 446795.809998 18.309998999999998 1
85118.08 446795.610001 18.190001 2
85117.860001 446795.459999 17.799999 2
85117.610001 446795.290001 17.43 2
85117.4 446795.139999 17.059998999999998 2
85117.17 446794.980003 16.669999999999998 2
85116.950001 446794.830002 16.27 2
85116.709999 446794.669998 15.76 2
85116.450001 446794.480003 15.629999999999999 2
85116.559999 446794.650002 14.09 5
85116.48 446794.900002 8.18 4
85116.219999 446794.699997 8.16 4
85116.16 446794.790001 5.569999999999999 4
85116.07 446794.849998 3.0999999999999996 4
85115.92 446794.839996 1.27 0
85126.639999 446802.82 15.75 0
85126.360001 446802.610001 15.819999999999999 0
85126.09 446802.379997 15.959999999999999 1
85125.83 446802.169998 16.07 1
85125.559999 446801.959999 16.16 1
85125.280001 446801.739998 16.219998999999998 1
85124.98 446801.5 16.360001 1
85124.73 446801.290001 16.459999 1
85124.440001 446801.059998 16.52 1
85124.190001 446800.860001 16.57 1
85123.92 446800.650002 16.700001 1
85123.67 446800.449997 16.74 1
85123.360001 446800.199997 16.9 1
85123.09 446799.989998 16.940001 1
85122.82 446799.769997 17.07 1
85122.549999 446799.550003 17.129998999999998 1
85122.280001 446799.330002 17.280001 1
85122.030001 446799.139999 17.290001 1
85121.76 446798.919998 17.41 1
85121.48 446798.690002 17.549999 1
85121.190001 446798.459999 17.620001 1
85120.93 446798.260002 17.68 1
85120.65 446798.029999 17.74 1
85120.389999 446797.82 17.889999 1
85120.129999 446797.610001 17.99 1
85119.870001 446797.400002 18.110001 1
85119.58 446797.169998 18.209999 1
85119.309999 446796.949997 18.290001 1
85119.040001 446796.739998 18.379998999999998 1
85118.77 446796.519997 18.459999 1
85118.5 446796.309998 18.559998999999998 1
85118.25 446796.099998 18.66 1
85118.01 446795.919998 18.48 2
85117.77 446795.760002 18.07 2
85117.530001 446795.589996 17.65 2
85117.309999 446795.440002 17.280001 2
85117.059999 446795.260002 16.91 2
85116.84 446795.110001 16.540001 2
85116.610001 446794.959999 16.129998999999998 2
85116.4 446794.809998 15.709999999999999 2
85116.25 446794.790001 13.979999999999999 5
85116.049999 446794.870003 9.53 4
85115.94 446794.900002 7.37 3
85115.99 446794.989998 6.59 3
85115.85 446794.970001 4.859999999999999 4
85115.79 446795.059998 2.26 0
85126.290001 446802.959999 15.79 1
85125.969999 446802.68 16.370001 0
85125.690001 446802.449997 16.49 1
85125.42 446802.239998 16.549999 1
85125.16 446802.029999 16.65 1
85124.889999 446801.82 16.719998999999998 1
85124.620001 446801.599998 16.83 1
85124.33 446801.370003 16.9 1
85124.07 446801.160004 17.0 1
85123.790001 446800.940002 17.040001 1
85123.52 446800.720001 17.169999999999998 1
85123.25 446800.510002 17.290001 1
85122.99 446800.300003 17.389999 1
85122.709999 446800.07 17.459999 1
85122.43 446799.849998 17.559998999999998 1
85122.16 446799.629997 17.66 1
85121.889999 446799.419998 17.719998999999998 1
85121.620001 446799.199997 17.809998999999998 1
85121.360001 446798.980003 18.02 1
85121.1 446798.779999 18.02 1
85120.82 446798.550003 18.139999 1
85120.530001 446798.330002 18.209999 1
85120.280001 446798.120003 18.33 1
85119.99 446797.889999 18.419999999999998 1
85119.74 446797.690002 18.459999 1
85119.469999 446797.470001 18.59 1
85119.219999 446797.269997 18.669999999999998 1
85118.93 446797.050003 18.74 1
85118.65 446796.82 18.879998999999998 1
85118.4 446796.620003 18.93 1
85118.120001 446796.400002 19.02 0
85117.889999 446796.239998 18.66 2
85117.67 446796.080002 18.309998999999998 2
85117.440001 446795.919998 17.940001 2
85117.209999 446795.760002 17.549999 2
85116.959999 446795.589996 17.09 2
85116.74 446795.43 16.790001 2
85116.5 446795.269997 16.360001 2
85116.280001 446795.120003 15.93 2
85116.040001 446794.940002 15.719999999999999 2
85116.16 446795.120003 14.139999999999999 5
85115.92 446794.940002 13.969999999999999 5
85115.74 446795.07 9.01 4
85115.65 446795.129997 6.56 4
85115.69 446795.190002 6.029999999999999 4
85115.57 446795.209999 3.9099999999999997 4
85115.46 446795.230003 1.8699999999999999 0
85126.209999 446803.309998 15.77 1
85125.889999 446803.040001 16.139999 1
85125.559999 446802.739998 16.799999 1
85125.280001 446802.510002 17.02 1
85125.0 446802.300003 17.040001 1
85124.73 446802.080002 17.18 1
85124.48 446801.879997 17.23 1
85124.209999 446801.660004 17.34 1
85123.93 446801.440002 17.440001 1
85123.639999 446801.209999 17.509999999999998 1
85123.379999 446801.0 17.620001 1
85123.1 446800.769997 17.700001 1
85122.84 446800.559998 17.799999 1
85122.57 446800.349998 17.860001 1
85122.309999 446800.139999 18.0 1
85122.02 446799.910004 18.09 1
85121.75 446799.690002 18.18 1
85121.49 446799.480003 18.23 1
85121.209999 446799.25 18.370001 1
85120.940001 446799.050003 18.41 1
85120.68 446798.830002 18.57 1
85120.42 446798.620003 18.65 1
85120.15 446798.410004 18.690001 1
85119.860001 446798.18 18.82 1
85119.610001 446797.970001 18.879998999999998 1
85119.32 446797.739998 18.98 1
85119.059999 446797.529999 19.120001 1
85118.799999 446797.330002 19.15 1
85118.540001 446797.120003 19.280001 1
85118.26 446796.889999 19.389999 1
85118.0 446796.699997 19.280001 0
85117.780001 446796.540001 18.870001 2
85117.540001 446796.379997 18.459999 2
85117.309999 446796.220001 18.110001 2
85117.09 446796.07 17.759999999999998 2
85116.860001 446795.910004 17.389999 2
85116.629999 446795.75 16.959999 2
85116.379999 446795.57 16.59 2
85116.16 446795.43 16.16 2
85115.92 446795.260002 15.709999999999999 2
85115.8 446795.260002 14.03 5
85115.54 446795.25 10.52 4
85115.45 446795.309998 7.9399999999999995 3
85115.38 446795.400002 5.279999999999999 4
85115.29 446795.470001 2.75 4
85125.860001 446803.410004 15.7 1
85125.540001 446803.129997 16.4 1
85125.190001 446802.809998 17.120001 1
85124.889999 446802.559998 17.450001 1
85124.620001 446802.339996 17.509999999999998 1
85124.34 446802.120003 17.59 1
85124.07 446801.900002 17.75 1
85123.82 446801.699997 17.790001 1
85123.549999 446801.489998 17.879998999999998 1
85123.27 446801.260002 17.98 1
85122.98 446801.029999 18.08 1
85122.73 446800.830002 18.15 1
85122.43 446800.599998 18.25 1
85122.18 446800.389999 18.389999 1
85121.92 446800.18 18.4 1
85121.66 446799.980003 18.530001 1
85121.370001 446799.739998 18.629998999999998 1
85121.1 446799.529999 18.68 1
85120.83 446799.309998 18.82 1
85120.549999 446799.089996 18.93 1
85120.290001 446798.870003 19.0 1
85120.040001 446798.669998 19.07 1
85119.77 446798.459999 19.139999 1
85119.5 446798.25 19.219998999999998 1
85119.209999 446798.010002 19.379998999999998 1
85118.959999 446797.809998 19.4 1
85118.67 446797.580002 19.549999 1
85118.41 446797.370003 19.629998999999998 1
85118.15 446797.160004 19.73 1
85117.92 446796.989998 19.559998999999998 2
85117.68 446796.82 19.120001 2
85117.440001 446796.660004 18.719998999999998 2
85117.209999 446796.5 18.33 2
85116.98 446796.339996 17.93 2
85116.75 446796.190002 17.540001 2
85116.530001 446796.029999 17.219998999999998 2
85116.299999 446795.870003 16.860001 2
85116.059999 446795.709999 16.440001 2
85115.82 446795.540001 16.0 2
85115.59 446795.379997 15.739999999999998 2
85115.44 446795.360001 13.959999999999999 5
85115.26 446795.459999 9.44 4
85115.23 446795.589996 6.52 3
85115.13 446795.650002 3.8899999999999997 4
85115.26 446795.839996 2.1999999999999997 0
85114.99 446795.650002 2.0 0
85125.799999 446803.68 15.76 1
85125.5 446803.43 16.08 1
85125.200001 446803.160004 16.66 1
85124.870001 446802.870003 17.32 1
85124.559999 446802.599998 17.83 1
85124.27 446802.360001 17.919999999999998 1
85124.01 446802.160004 18.02 1
85123.73 446801.93 18.059998999999998 1
85123.459999 446801.720001 18.209999 1
85123.190001 446801.510002 18.27 1
85122.940001 446801.300003 18.34 1
85122.65 446801.059998 18.5 1
85122.379999 446800.849998 18.530001 1
85122.110001 446800.639999 18.65 1
85121.83 446800.410004 18.77 1
85121.57 446800.199997 18.84 1
85121.309999 446799.989998 18.919999999999998 1
85121.040001 446799.779999 19.009999999999998 1
85120.77 446799.559998 19.099999999999998 1
85120.48 446799.330002 19.18 1
85120.23 446799.129997 19.290001 1
85119.940001 446798.900002 19.4 1
85119.690001 446798.699997 19.459999 1
85119.42 446798.480003 19.57 1
85119.17 446798.279999 19.65 1
85118.879999 446798.040001 19.77 1
85118.610001 446797.830002 19.84 1
85118.34 446797.620003 19.93 1
85118.07 446797.400002 20.02 0
85117.84 446797.239998 19.690001 2
85117.629999 446797.089996 19.33 2
85117.389999 446796.93 18.969998999999998 2
85117.16 446796.760002 18.59 2
85116.91 446796.589996 18.16 2
85116.700001 446796.440002 17.780001 2
85116.450001 446796.269997 17.419999999999998 2
85116.24 446796.129997 16.959999 2
85116.0 446795.959999 16.639999 2
85115.78 446795.809998 16.299999 2
85115.54 446795.650002 15.729999999999999 2
85115.4 446795.629997 14.1 5
85115.15 446795.639999 10.219999999999999 4
85115.05 446795.669998 8.15 4
85115.08 446795.900002 4.33 0
85115.23 446796.139999 2.1799999999999997 0
85114.96 446795.93 2.17 0
85114.78 446795.849998 0.88 0
85125.469999 446803.790001 15.719999999999999 1
85125.139999 446803.489998 16.370001 1
85124.82 446803.209999 16.950001 1
85124.52 446802.940002 17.530001 1
85124.200001 446802.660004 18.110001 1
85123.91 446802.419998 18.370001 1
85123.620001 446802.190002 18.440001 1
85123.360001 446801.980003 18.549999 1
85123.08 446801.760002 18.620001 1
85122.82 446801.550003 18.759999999999998 1
85122.549999 446801.330002 18.849999999999998 1
85122.299999 446801.129997 18.959999 1
85122.01 446800.900002 18.99 1
85121.74 446800.68 19.129998999999998 1
85121.469999 446800.470001 19.139999 1
85121.190001 446800.25 19.280001 1
85120.92 446800.029999 19.389999 1
85120.68 446799.839996 19.389999 1
85120.41 446799.620003 19.509999999999998 1
85120.129999 446799.400002 19.66 1
85119.85 446799.169998 19.73 1
85119.6 446798.970001 19.780001 1
85119.309999 446798.739998 19.889999 1
85119.049999 446798.529999 19.959999 1
85118.790001 446798.32 20.08 1
85118.540001 446798.120003 20.16 1
85118.25 446797.889999 20.27 1
85117.98 446797.68 20.299999 1
85117.76 446797.519997 19.91 2
85117.52 446797.360001 19.530001 2
85117.290001 446797.190002 19.169999999999998 2
85117.08 446797.050003 18.75 2
85116.85 446796.889999 18.389999 2
85116.610001 446796.730003 18.049999 2
85116.370001 446796.550003 17.66 2
85116.15 446796.400002 17.27 2
85115.9 446796.230003 16.879998999999998 2
85115.68 446796.080002 16.5 2
85115.45 446795.919998 16.07 2
85115.23 446795.769997 15.709999999999999 2
85115.08 446795.75 13.959999999999999 5
85114.98 446795.980003 8.16 3
85114.83 446795.940002 6.59 3
85114.99 446796.190002 4.35 4
85114.88 446796.220001 2.1999999999999997 0
85114.63 446796.029999 2.1 0
85125.360001 446804.080002 15.77 1
85125.07 446803.849998 15.979999999999999 1
85124.74 446803.550003 16.700001 1
85124.41 446803.260002 17.309998999999998 1
85124.1 446802.980003 17.879998999999998 1
85123.790001 446802.699997 18.52 1
85123.5 446802.459999 18.84 1
85123.219999 446802.239998 18.91 1
85122.93 446802.0 19.040001 1
85122.68 446801.800003 19.120001 1
85122.389999 446801.57 19.24 1
85122.129999 446801.370003 19.32 1
85121.870001 446801.150002 19.41 1
85121.610001 446800.949997 19.48 1
85121.33 446800.720001 19.559998999999998 1
85121.049999 446800.5 19.669999999999998 1
85120.790001 446800.290001 19.74 1
85120.51 446800.059998 19.879998999999998 1
85120.24 446799.849998 19.950001 1
85119.99 446799.650002 20.0 1
85119.73 446799.440002 20.059998999999998 1
85119.450001 446799.220001 20.16 1
85119.17 446798.989998 20.309998999999998 1
85118.91 446798.790001 20.379998999999998 1
85118.620001 446798.559998 20.48 1
85118.370001 446798.360001 20.559998999999998 1
85118.1 446798.139999 20.68 1
85117.870001 446797.959999 20.540001 1
85117.629999 446797.800003 20.08 2
85117.4 446797.639999 19.709999 2
85117.17 446797.480003 19.360001 2
85116.93 446797.309998 18.959999 2
85116.709999 446797.160004 18.58 2
85116.49 446797.010002 18.219998999999998 2
85116.26 446796.849998 17.83 2
85116.030001 446796.690002 17.419999999999998 2
85115.78 446796.510002 17.040001 2
85115.56 446796.360001 16.700001 2
85115.31 446796.190002 16.280001 2
85115.1 446796.050003 15.75 2
85114.85 446795.870003 15.62 2
85114.96 446796.029999 14.12 5
85114.73 446795.849998 13.959999999999999 5
85114.88 446796.279999 8.16 3
85114.6 446796.07 8.15 3
85114.62 446796.279999 4.33 0
85114.77 446796.519997 2.19 0
85114.5 446796.309998 2.1599999999999997 0
85114.32 446796.230003 0.98 0
85125.0 446804.230003 15.75 1
85124.67 446803.940002 16.27 1
85124.33 446803.639999 16.950001 1
85124.01 446803.360001 17.549999 1
85123.690001 446803.07 18.16 1
85123.370001 446802.790001 18.709999 1
85123.07 446802.519997 19.280001 1
85122.790001 446802.300003 19.48 1
85122.52 446802.080002 19.52 1
85122.23 446801.849998 19.629998999999998 1
85121.98 446801.650002 19.73 1
85121.690001 446801.410004 19.83 1
85121.440001 446801.220001 19.889999 1
85121.17 446801.0 19.98 1
85120.92 446800.800003 20.030001 1
85120.629999 446800.559998 20.190001 1
85120.35 446800.339996 20.280001 1
85120.09 446800.139999 20.32 1
85119.82 446799.919998 20.43 1
85119.549999 446799.699997 20.530001 1
85119.290001 446799.489998 20.669999999999998 1
85119.030001 446799.290001 20.669999999999998 1
85118.76 446799.07 20.82 1
85118.469999 446798.839996 20.889999 1
85118.219999 446798.639999 21.0 1
85117.940001 446798.410004 21.049999 1
85117.719999 446798.260002 20.700001 0
85117.5 446798.110001 20.32 2
85117.280001 446797.949997 19.99 2
85117.030001 446797.779999 19.58 2
85116.799999 446797.620003 19.18 2
85116.57 446797.470001 18.759999999999998 2
85116.34 446797.300003 18.379998999999998 2
85116.110001 446797.139999 18.040001 2
85115.9 446797.0 17.599999999999998 2
85115.66 446796.830002 17.280001 2
85115.42 446796.669998 16.870001 2
85115.18 446796.5 16.469998999999998 2
85114.96 446796.349998 16.07 2
85114.71 446796.169998 15.709999999999999 2
85114.59 446796.18 13.959999999999999 5
85114.51 446796.419998 8.17 3
85114.33 446796.360001 6.67 3
85114.38 446796.639999 2.19 0
85114.12 446796.440002 2.12 0
85124.629999 446804.349998 15.76 1
85124.290001 446804.040001 16.59 1
85123.969999 446803.75 17.15 1
85123.620001 446803.449997 17.790001 1
85123.32 446803.18 18.370001 1
85122.969999 446802.870003 19.040001 1
85122.67 446802.610001 19.610001 1
85122.379999 446802.360001 19.969998999999998 1
85122.129999 446802.160004 20.059998999999998 1
85121.84 446801.93 20.139999 1
85121.57 446801.709999 20.24 1
85121.290001 446801.489998 20.34 1
85121.02 446801.269997 20.4 1
85120.76 446801.059998 20.469998999999998 1
85120.51 446800.860001 20.549999 1
85120.25 446800.660004 20.610001 1
85119.969999 446800.43 20.77 1
85119.68 446800.199997 20.84 1
85119.43 446800.0 20.889999 1
85119.139999 446799.769997 21.009999999999998 1
85118.889999 446799.559998 21.120001 1
85118.620001 446799.349998 21.18 1
85118.370001 446799.150002 21.309998999999998 1
85118.08 446798.919998 21.450001 1
85117.83 446798.730003 21.299999 2
85117.610001 446798.57 20.919999999999998 2
85117.370001 446798.410004 20.530001 2
85117.139999 446798.25 20.18 2
85116.93 446798.099998 19.759999999999998 2
85116.700001 446797.949997 19.4 2
85116.469999 446797.790001 18.99 2
85116.219999 446797.610001 18.629998999999998 2
85116.01 446797.459999 18.24 2
85115.76 446797.290001 17.860001 2
85115.54 446797.129997 17.5 2
85115.31 446796.980003 17.120001 2
85115.09 446796.830002 16.669999999999998 2
85114.84 446796.650002 16.349999999999998 2
85114.61 446796.5 15.87 2
85114.37 446796.32 15.66 2
85114.48 446796.489998 14.12 5
85114.23 446796.300003 13.959999999999999 5
85114.39 446796.739998 8.16 3
85114.14 446796.540001 8.15 3
85114.0 446796.529999 6.41 3
85114.15 446796.75 4.35 0
85114.3 446796.989998 2.21 0
85114.03 446796.779999 2.17 0
85113.81 446796.650002 1.29 0
85124.49 446804.720001 15.79 1
85124.190001 446804.459999 16.16 1
85123.879999 446804.190002 16.790001 1
85123.57 446803.910004 17.299999 1
85123.24 446803.620003 17.99 1
85122.9 446803.32 18.58 1
85122.59 446803.050003 19.190001 1
85122.25 446802.75 19.83 1
85121.959999 446802.489998 20.370001 0
85121.68 446802.25 20.639999 1
85121.43 446802.059998 20.68 1
85121.139999 446801.82 20.790001 1
85120.860001 446801.599998 20.870001 1
85120.59 446801.389999 20.98 1
85120.32 446801.169998 21.030001 1
85120.059999 446800.959999 21.129998999999998 1
85119.799999 446800.760002 21.24 1
85119.540001 446800.540001 21.33 1
85119.27 446800.330002 21.389999 1
85118.98 446800.099998 21.49 1
85118.73 446799.900002 21.58 1
85118.440001 446799.669998 21.690001 1
85118.190001 446799.459999 21.799999 1
85117.93 446799.25 21.879998999999998 1
85117.700001 446799.089996 21.599999999999998 2
85117.469999 446798.93 21.15 2
85117.23 446798.769997 20.790001 2
85117.0 446798.610001 20.4 2
85116.77 446798.449997 19.99 2
85116.540001 446798.290001 19.639999 2
85116.33 446798.139999 19.259999999999998 2
85116.1 446797.980003 18.889999 2
85115.87 446797.830002 18.450001 2
85115.62 446797.650002 18.099999999999998 2
85115.4 446797.489998 17.759999999999998 2
85115.15 446797.32 17.349999999999998 2
85114.93 446797.169998 16.98 2
85114.7 446797.010002 16.59 2
85114.49 446796.860001 16.219998999999998 2
85114.24 446796.699997 15.7 2
85114.1 446796.68 14.02 5
85113.88 446796.739998 9.73 4
85113.99 446796.910004 8.19 4
85113.73 446796.699997 8.24 4
85113.8 446796.800003 7.3 3
85113.68 446796.82 5.37 4
85113.72 446796.870003 4.88 4
85113.56 446796.830002 3.3899999999999997 4
85113.43 446796.839996 1.3399999999999999 0
85124.110001 446804.870003 15.729999999999999 1
85123.76 446804.559998 16.469998999999998 1
85123.450001 446804.290001 17.0 1
85123.139999 446804.010002 17.639999 1
85122.82 446803.730003 18.24 1
85122.5 446803.449997 18.83 1
85122.16 446803.150002 19.450001 1
85121.860001 446802.879997 20.059998999999998 1
85121.52 446802.580002 20.719998999999998 1
85121.23 446802.330002 21.15 1
85120.959999 446802.120003 21.24 1
85120.709999 446801.919998 21.309998999999998 1
85120.42 446801.68 21.43 1
85120.15 446801.459999 21.5 1
85119.889999 446801.260002 21.58 1
85119.610001 446801.029999 21.719998999999998 1
85119.35 446800.82 21.77 1
85119.1 446800.620003 21.9 1
85118.83 446800.400002 22.0 1
85118.559999 446800.190002 22.040001 1
85118.280001 446799.970001 22.110001 1
85118.01 446799.75 22.280001 1
85117.75 446799.559998 22.129998999999998 2
85117.540001 446799.410004 21.77 2
85117.32 446799.25 21.360001 2
85117.1 446799.099998 21.02 2
85116.860001 446798.940002 20.58 2
85116.620001 446798.769997 20.24 2
85116.4 446798.620003 19.82 2
85116.16 446798.449997 19.450001 2
85115.93 446798.300003 19.07 2
85115.71 446798.139999 18.74 2
85115.49 446797.989998 18.33 2
85115.26 446797.830002 17.870001 2
85115.01 446797.650002 17.540001 2
85114.79 446797.5 17.18 2
85114.54 446797.330002 16.74 2
85114.32 446797.169998 16.440001 2
85114.09 446797.019997 16.040001 2
85113.86 446796.860001 15.729999999999999 2
85113.72 446796.839996 13.969999999999999 5
85113.48 446796.870003 9.93 4
85113.38 446796.93 7.46 3
85113.28 446796.980003 5.13 4
85113.2 446797.040001 2.76 4
85113.09 446797.07 0.49 0
85124.01 446805.190002 15.77 1
85123.700001 446804.940002 16.110001 1
85123.389999 446804.660004 16.68 1
85123.049999 446804.360001 17.360001 1
85122.74 446804.080002 17.919999999999998 1
85122.440001 446803.82 18.450001 1
85122.120001 446803.540001 19.08 1
85121.790001 446803.25 19.700001 1
85121.459999 446802.959999 20.27 1
85121.16 446802.690002 20.879998999999998 1
85120.82 446802.389999 21.509999999999998 1
85120.559999 446802.169998 21.759999999999998 1
85120.290001 446801.959999 21.82 1
85120.040001 446801.760002 21.9 1
85119.76 446801.529999 21.99 1
85119.48 446801.309998 22.08 1
85119.219999 446801.099998 22.18 1
85118.950001 446800.889999 22.23 1
85118.690001 446800.669998 22.309998999999998 1
85118.43 446800.470001 22.41 1
85118.17 446800.260002 22.52 1
85117.889999 446800.040001 22.629998999999998 1
85117.639999 446799.849998 22.349999999999998 2
85117.42 446799.699997 22.0 2
85117.18 446799.540001 21.58 2
85116.969999 446799.389999 21.219998999999998 2
85116.75 446799.239998 20.83 2
85116.52 446799.080002 20.509999999999998 2
85116.280001 446798.919998 20.07 2
85116.049999 446798.75 19.669999999999998 2
85115.82 446798.599998 19.259999999999998 2
85115.59 446798.440002 18.870001 2
85115.36 446798.269997 18.540001 2
85115.14 446798.120003 18.18 2
85114.91 446797.970001 17.780001 2
85114.68 446797.800003 17.389999 2
85114.43 446797.629997 17.02 2
85114.21 446797.480003 16.629998999999998 2
85113.96 446797.309998 16.200001 2
85113.75 446797.169998 15.739999999999998 2
85113.61 446797.150002 14.069999999999999 5
85113.37 446796.970001 13.969999999999999 5
85113.26 446797.0 11.719999999999999 0
85113.17 446797.080002 9.08 4
85113.09 446797.139999 6.609999999999999 3
85113.02 446797.239998 3.71 4
85112.91 446797.290001 1.4 0
85123.709999 446805.290001 15.739999999999998 1
85123.379999 446805.0 16.349999999999998 1
85123.030001 446804.68 17.040001 1
85122.719999 446804.419998 17.59 1
85122.389999 446804.120003 18.190001 1
85122.09 446803.860001 18.77 1
85121.780001 446803.580002 19.349999999999998 1
85121.48 446803.32 19.91 1
85121.139999 446803.019997 20.540001 1
85120.82 446802.730003 21.129998999999998 1
85120.49 446802.449997 21.799999 1
85120.200001 446802.199997 22.139999 1
85119.93 446801.980003 22.219998999999998 1
85119.690001 446801.790001 22.290001 1
85119.42 446801.57 22.43 1
85119.15 446801.360001 22.469998999999998 1
85118.860001 446801.129997 22.58 1
85118.610001 446800.919998 22.669999999999998 1
85118.32 446800.699997 22.73 1
85118.07 446800.489998 22.860001 1
85117.809999 446800.279999 22.91 1
85117.6 446800.139999 22.559998999999998 2
85117.360001 446799.970001 22.16 2
85117.120001 446799.809998 21.790001 2
85116.9 446799.650002 21.43 2
85116.66 446799.489998 21.0 2
85116.440001 446799.339996 20.599999999999998 2
85116.219999 446799.190002 20.25 2
85115.99 446799.019997 19.959999 2
85115.77 446798.870003 19.5 2
85115.52 446798.699997 19.09 2
85115.3 446798.540001 18.77 2
85115.06 446798.379997 18.309998999999998 2
85114.83 446798.220001 17.99 2
85114.6 446798.059998 17.59 2
85114.39 446797.910004 17.23 2
85114.14 446797.739998 16.83 2
85113.9 446797.57 16.440001 2
85113.67 446797.410004 16.110001 2
85113.43 446797.239998 15.719999999999999 2
85113.3 446797.230003 13.969999999999999 5
85113.0 446797.169998 10.959999999999999 4
85113.05 446797.230003 10.389999999999999 4
85112.97 446797.309998 7.739999999999999 3
85112.89 446797.400002 4.87 4
85112.95 446797.5 3.9899999999999998 0
85112.83 446797.510002 2.07 0
85123.379999 446805.400002 15.75 1
85123.040001 446805.089996 16.559998999999998 1
85122.709999 446804.800003 17.18 1
85122.370001 446804.5 17.809998999999998 1
85122.07 446804.230003 18.379998999999998 1
85121.73 446803.93 18.99 1
85121.43 446803.660004 19.549999 1
85121.120001 446803.389999 20.15 1
85120.82 446803.120003 20.709999 1
85120.48 446802.830002 21.33 1
85120.16 446802.540001 21.959999 1
85119.85 446802.269997 22.52 1
85119.57 446802.040001 22.700001 1
85119.309999 446801.839996 22.73 1
85119.059999 446801.629997 22.84 1
85118.790001 446801.419998 22.9 1
85118.52 446801.199997 23.02 1
85118.24 446800.980003 23.09 1
85117.99 446800.769997 23.209999 1
85117.709999 446800.559998 23.15 2
85117.5 446800.410004 22.809998999999998 2
85117.27 446800.260002 22.440001 2
85117.059999 446800.110001 22.009999999999998 2
85116.82 446799.940002 21.68 2
85116.59 446799.779999 21.259999999999998 2
85116.360001 446799.629997 20.84 2
85116.129999 446799.470001 20.5 2
85115.9 446799.309998 20.120001 2
85115.69 446799.160004 19.74 2
85115.22 446798.839996 18.99 2
85114.98 446798.660004 18.58 2
85114.76 446798.510002 18.25 2
85114.51 446798.339996 17.799999 2
85114.3 446798.190002 17.459999 2
85114.07 446798.040001 17.009999999999998 2
85113.84 446797.870003 16.759999999999998 2
85113.59 446797.699997 16.32 2
85113.36 446797.550003 15.799999999999999 2
85113.11 446797.360001 15.68 2
85113.23 446797.540001 14.12 5
85112.97 446797.349998 13.93 5
85112.91 446797.449997 11.229999999999999 0
85112.88 446797.589996 8.18 3
85112.8 446797.660004 5.64 4
85112.88 446797.790001 4.45 0
85113.05 446798.040001 2.1799999999999997 0
85112.77 446797.82 2.17 0
85112.56 446797.720001 0.96 0
85123.27 446805.690002 15.75 1
85122.959999 446805.419998 16.23 1
85122.66 446805.150002 16.82 1
85122.34 446804.870003 17.43 1
85122.01 446804.580002 18.07 1
85121.67 446804.279999 18.68 1
85121.370001 446804.010002 19.25 1
85121.030001 446803.720001 19.870001 1
85120.73 446803.440002 20.48 1
85120.42 446803.169998 21.02 1
85120.129999 446802.910004 21.57 1
85119.790001 446802.620003 22.200001 1
85119.469999 446802.330002 22.84 1
85119.190001 446802.089996 23.139999 1
85118.91 446801.870003 23.219998999999998 1
85118.65 446801.669998 23.280001 1
85118.4 446801.470001 23.349999999999998 1
85118.139999 446801.25 23.459999 1
85117.860001 446801.029999 23.58 1
85117.6 446800.839996 23.370001 2
85117.389999 446800.699997 22.99 2
85117.15 446800.529999 22.58 2
85116.940001 446800.379997 22.209999 2
85116.709999 446800.220001 21.870001 2
85116.49 446800.07 21.509999999999998 2
85116.25 446799.910004 21.120001 2
85116.02 446799.75 20.700001 2
85115.79 446799.589996 20.349999999999998 2
85115.56 446799.43 19.91 2
85115.33 446799.260002 19.629998999999998 2
85115.12 446799.120003 19.18 2
85114.89 446798.959999 18.83 2
85114.4 446798.620003 18.08 2
85114.19 446798.480003 17.629998999999998 2
85113.94 446798.300003 17.27 2
85113.72 446798.150002 16.940001 2
85113.49 446797.989998 16.48 2
85113.27 446797.839996 16.15 2
85113.03 446797.669998 15.68 2
85112.88 446797.650002 13.979999999999999 5
85112.77 446797.879997 8.17 3
85112.54 446797.730003 7.6899999999999995 3
85112.62 446797.830002 6.699999999999999 3
85112.77 446798.080002 4.49 0
85112.68 446798.129997 2.19 0
85112.42 446797.919998 2.14 0
85123.18 446805.980003 15.77 1
85122.92 446805.779999 15.78 1
85122.57 446805.459999 16.57 1
85122.26 446805.190002 17.15 1
85121.950001 446804.910004 17.719998999999998 1
85121.639999 446804.629997 18.349999999999998 1
85121.309999 446804.349998 18.91 1
85120.98 446804.059998 19.509999999999998 1
85120.68 446803.790001 20.120001 1
85120.34 446803.489998 20.74 1
85120.049999 446803.230003 21.27 1
85119.73 446802.959999 21.870001 1
85119.440001 446802.690002 22.43 1
85119.1 446802.389999 23.120001 1
85118.790001 446802.129997 23.57 1
85118.530001 446801.910004 23.68 1
85118.26 446801.699997 23.73 1
85118.0 446801.5 23.780001 1
85117.74 446801.290001 23.91 1
85117.51 446801.129997 23.58 2
85117.290001 446800.970001 23.15 2
85117.049999 446800.800003 22.780001 2
85116.83 446800.660004 22.41 2
85116.59 446800.489998 21.99 2
85116.379999 446800.339996 21.66 2
85116.15 446800.190002 21.259999999999998 2
85115.94 446800.040001 20.91 2
85115.69 446799.860001 20.52 2
85115.45 446799.699997 20.129998999999998 2
85115.23 446799.540001 19.780001 2
85114.99 446799.379997 19.389999 2
85114.77 446799.220001 19.02 2
85114.55 446799.07 18.629998999999998 2
85114.32 446798.910004 18.290001 2
85114.09 446798.75 17.849999999999998 2
85113.84 446798.580002 17.450001 2
85113.62 446798.419998 17.09 2
85113.37 446798.25 16.709999 2
85113.15 446798.099998 16.34 2
85112.93 446797.949997 15.899999999999999 2
85112.69 446797.769997 15.69 2
85112.81 446797.949997 14.11 5
85112.54 446797.75 13.959999999999999 5
85112.69 446798.169998 8.18 3
85112.42 446797.970001 8.15 3
85112.42 446798.18 4.33 0
85112.58 446798.410004 2.1799999999999997 0
85112.31 446798.199997 2.17 0
85112.12 446798.099998 1.3199999999999998 0
85122.860001 446806.07 15.76 1
85122.530001 446805.790001 16.23 1
85122.219999 446805.510002 16.870001 1
85121.879999 446805.209999 17.459999 1
85121.58 446804.949997 18.02 1
85121.26 446804.669998 18.639999 1
85120.969999 446804.410004 19.169999999999998 1
85120.629999 446804.110001 19.790001 1
85120.299999 446803.82 20.459999 1
85119.99 446803.550003 20.99 1
85119.67 446803.260002 21.599999999999998 1
85119.360001 446802.980003 22.209999 1
85119.07 446802.730003 22.719998999999998 1
85118.76 446802.459999 23.309998999999998 1
85118.450001 446802.18 23.879998999999998 1
85118.15 446801.940002 24.099999999999998 1
85117.9 446801.739998 24.200001 1
85117.629999 446801.529999 24.110001 2
85117.42 446801.389999 23.719998999999998 2
85117.190001 446801.230003 23.349999999999998 2
85116.98 446801.080002 23.030001 2
85116.74 446800.919998 22.59 2
85116.51 446800.760002 22.209999 2
85116.280001 446800.589996 21.889999 2
85116.049999 446800.440002 21.440001 2
85115.82 446800.279999 21.09 2
85115.61 446800.129997 20.719998999999998 2
85115.38 446799.970001 20.34 2
85115.14 446799.809998 20.0 2
85114.69 446799.5 19.16 2
85114.44 446799.32 18.799999 2
85114.23 446799.169998 18.41 2
85113.99 446799.010002 18.049999 2
85113.53 446798.690002 17.25 2
85113.29 446798.519997 16.849999999999998 2
85113.06 446798.360001 16.540001 2
85112.82 446798.199997 16.120001 2
85112.6 446798.040001 15.69 2
85112.47 446798.029999 13.99 5
85112.36 446798.260002 8.18 3
85112.11 446798.089996 7.72 3
85112.18 446798.199997 6.699999999999999 3
85112.25 446798.5 2.1799999999999997 0
85111.97 446798.279999 2.11 0
85123.26 446806.82 15.76 0
85123.0 446806.620003 15.739999999999998 0
85122.75 446806.43 15.69 0
85122.48 446806.199997 15.85 0
85122.139999 446805.910004 16.5 1
85121.799999 446805.610001 17.120001 1
85121.5 446805.349998 17.65 1
85121.16 446805.050003 18.27 1
85120.860001 446804.779999 18.889999 1
85120.549999 446804.510002 19.43 1
85120.25 446804.239998 20.030001 1
85119.92 446803.949997 20.599999999999998 1
85119.6 446803.660004 21.200001 1
85119.280001 446803.379997 21.790001 1
85118.959999 446803.099998 22.4 1
85118.65 446802.830002 22.99 1
85118.360001 446802.57 23.549999 1
85118.059999 446802.300003 24.07 1
85117.75 446802.029999 24.59 0
85117.49 446801.849998 24.34 2
85117.290001 446801.709999 23.93 2
85117.040001 446801.529999 23.58 2
85116.83 446801.389999 23.190001 2
85116.610001 446801.230003 22.82 2
85116.389999 446801.080002 22.509999999999998 2
85116.15 446800.919998 22.099999999999998 2
85115.92 446800.760002 21.700001 2
85115.69 446800.599998 21.34 2
85115.45 446800.43 20.959999 2
85115.23 446800.279999 20.59 2
85115.01 446800.129997 20.18 2
85114.78 446799.970001 19.849999999999998 2
85114.55 446799.809998 19.43 2
85114.31 446799.639999 19.02 2
85114.09 446799.489998 18.66 2
85113.84 446799.32 18.25 2
85113.63 446799.169998 17.860001 2
85113.39 446799.010002 17.509999999999998 2
85113.18 446798.849998 17.16 2
85112.93 446798.68 16.759999999999998 2
85112.69 446798.519997 16.33 2
85112.46 446798.360001 15.94 2
85112.21 446798.169998 15.719999999999999 2
85112.33 446798.360001 14.09 5
85112.08 446798.169998 13.959999999999999 5
85111.98 446798.410004 8.15 3
85111.84 446798.379997 6.42 3
85111.98 446798.610001 4.35 4
85112.14 446798.849998 2.17 0
85111.85 446798.620003 2.17 0
85111.64 446798.489998 1.53 0
85124.42 446808.199997 15.76 1
85124.18 446808.010002 15.739999999999998 1
85123.92 446807.809998 15.69 1
85123.67 446807.610001 15.7 1
85123.370001 446807.370003 15.83 1
85123.09 446807.139999 15.989999999999998 1
85122.82 446806.919998 16.09 1
85122.530001 446806.690002 16.259999999999998 1
85122.26 446806.480003 16.299999 1
85122.01 446806.279999 16.360001 0
85121.719999 446806.040001 16.66 0
85121.389999 446805.739998 17.360001 1
85121.040001 446805.440002 17.99 1
85120.75 446805.169998 18.530001 1
85120.4 446804.870003 19.190001 1
85120.110001 446804.610001 19.74 1
85119.799999 446804.330002 20.309998999999998 1
85119.5 446804.07 20.879998999999998 1
85119.17 446803.779999 21.48 1
85118.84 446803.489998 22.129998999999998 1
85118.530001 446803.220001 22.66 1
85118.209999 446802.940002 23.280001 1
85117.91 446802.660004 23.849999999999998 1
85117.610001 446802.400002 24.4 1
85117.35 446802.190002 24.540001 0
85117.110001 446802.019997 24.23 2
85116.879999 446801.870003 23.709999 2
85116.67 446801.720001 23.389999 2
85116.42 446801.550003 22.98 2
85116.209999 446801.400002 22.620001 2
85115.99 446801.25 22.23 2
85115.77 446801.089996 21.969998999999998 2
85115.53 446800.93 21.48 2
85115.3 446800.769997 21.09 2
85115.07 446800.610001 20.75 2
85114.83 446800.440002 20.419999999999998 2
85114.6 446800.279999 20.02 2
85114.39 446800.139999 19.610001 2
85114.16 446799.980003 19.219998999999998 2
85113.92 446799.809998 18.940001 2
85113.68 446799.639999 18.48 2
85113.46 446799.489998 18.120001 2
85113.21 446799.32 17.68 2
85112.99 446799.169998 17.32 2
85112.77 446799.010002 16.919999999999998 2
85112.55 446798.860001 16.58 2
85112.29 446798.68 16.18 2
85112.07 446798.529999 15.69 2
85111.93 446798.510002 14.01 5
85111.82 446798.739998 8.19 3
85111.57 446798.550003 8.11 3
85111.66 446798.690002 6.8 3
85111.56 446798.739998 4.52 4
85111.71 446798.980003 2.33 0
85111.45 446798.779999 2.17 0
85125.620001 446809.589996 15.76 1
85125.360001 446809.389999 15.75 1
85125.110001 446809.199997 15.69 1
85124.85 446808.989998 15.69 1
85124.57 446808.769997 15.78 1
85124.27 446808.519997 16.009999999999998 1
85124.0 446808.300003 16.15 1
85123.719999 446808.080002 16.200001 1
85123.459999 446807.870003 16.299999 1
85123.18 446807.650002 16.43 1
85122.93 446807.449997 16.450001 1
85122.639999 446807.209999 16.57 1
85122.360001 446806.989998 16.66 1
85122.09 446806.769997 16.790001 1
85121.809999 446806.550003 16.84 1
85121.540001 446806.339996 16.93 1
85121.280001 446806.129997 17.040001 0
85120.969999 446805.849998 17.629998999999998 1
85120.65 446805.57 18.190001 1
85120.309999 446805.269997 18.83 1
85120.0 446805.0 19.440001 1
85119.67 446804.709999 19.99 1
85119.379999 446804.449997 20.549999 1
85119.07 446804.169998 21.129998999999998 1
85118.77 446803.910004 21.66 1
85118.43 446803.610001 22.349999999999998 1
85118.110001 446803.330002 22.919999999999998 1
85117.809999 446803.059998 23.5 1
85117.5 446802.779999 24.07 1
85117.190001 446802.510002 24.65 0
85116.969999 446802.360001 24.33 2
85116.75 446802.209999 23.940001 2
85116.52 446802.040001 23.59 2
85116.27 446801.879997 23.18 2
85116.059999 446801.730003 22.799999 2
85115.81 446801.550003 22.5 2
85115.6 446801.410004 22.139999 2
85115.38 446801.260002 21.68 2
85115.16 446801.099998 21.4 2
85114.92 446800.93 20.98 2
85114.68 446800.769997 20.620001 2
85114.45 446800.610001 20.24 2
85114.22 446800.449997 19.809998999999998 2
85113.99 446800.290001 19.459999 2
85113.78 446800.139999 19.09 2
85113.55 446799.980003 18.719998999999998 2
85113.31 446799.82 18.33 2
85113.06 446799.639999 17.940001 2
85112.6 446799.32 17.15 2
85112.38 446799.169998 16.780001 2
85112.15 446799.010002 16.450001 2
85111.93 446798.870003 16.009999999999998 2
85111.67 446798.68 15.729999999999999 2
85111.53 446798.660004 13.95 5
85111.39 446798.839996 8.549999999999999 3
85111.27 446798.860001 6.47 3
85111.2 446798.949997 3.9 0
85111.07 446798.949997 1.92 0
85126.6 446810.730003 15.78 1
85126.35 446810.540001 15.75 1
85126.09 446810.339996 15.719999999999999 1
85125.82 446810.120003 15.709999999999999 1
85125.530001 446809.889999 15.78 1
85125.26 446809.669998 15.94 1
85124.959999 446809.43 16.08 1
85124.709999 446809.230003 16.169999999999998 1
85124.440001 446809.010002 16.290001 1
85124.18 446808.809998 16.34 1
85123.889999 446808.57 16.419999999999998 1
85123.6 446808.339996 16.58 1
85123.33 446808.120003 16.65 1
85123.049999 446807.900002 16.73 1
85122.780001 446807.690002 16.83 1
85122.530001 446807.480003 16.959999 1
85122.27 446807.269997 16.959999 1
85121.98 446807.040001 17.110001 1
85121.690001 446806.809998 17.190001 1
85121.43 446806.599998 17.290001 1
85121.139999 446806.370003 17.4 1
85120.889999 446806.169998 17.450001 1
85120.59 446805.910004 17.879998999999998 1
85120.290001 446805.650002 18.459999 1
85119.950001 446805.349998 19.099999999999998 1
85119.629999 446805.059998 19.709999 1
85119.309999 446804.779999 20.32 1
85118.99 446804.5 20.860001 1
85118.68 446804.220001 21.459999 1
85118.379999 446803.959999 22.040001 1
85118.08 446803.699997 22.57 1
85117.76 446803.410004 23.169999999999998 1
85117.43 446803.120003 23.790001 1
85117.139999 446802.860001 24.34 1
85116.84 446802.620003 24.530001 0
85116.629999 446802.480003 24.129998999999998 2
85116.41 446802.32 23.790001 2
85116.200001 446802.18 23.43 2
85115.96 446802.010002 23.009999999999998 2
85115.72 446801.839996 22.719998999999998 2
85115.5 446801.690002 22.27 2
85115.27 446801.540001 21.860001 2
85115.03 446801.360001 21.599999999999998 2
85114.82 446801.220001 21.169999999999998 2
85114.6 446801.059998 20.809998999999998 2
85114.37 446800.900002 20.43 2
85114.12 446800.730003 20.07 2
85113.9 446800.57 19.709999 2
85113.66 446800.410004 19.23 2
85113.43 446800.25 18.91 2
85113.21 446800.099998 18.52 2
85112.99 446799.940002 18.169999999999998 2
85112.74 446799.779999 17.73 2
85112.51 446799.620003 17.32 2
85112.28 446799.449997 16.98 2
85112.04 446799.290001 16.59 2
85111.81 446799.129997 16.23 2
85111.6 446798.989998 15.709999999999999 2
85111.46 446798.970001 14.059999999999999 5
85111.18 446798.959999 10.2 4
85111.1 446799.019997 7.88 3
85111.0 446799.089996 5.18 4
85110.94 446799.190002 2.4499999999999997 0
85128.299999 446812.559998 13.99 0
85128.049999 446812.360001 13.979999999999999 0
85127.58 446811.900002 15.77 1
85127.77 446812.139999 14.1 0
85127.34 446811.709999 15.76 1
85127.059999 446811.5 15.7 1
85126.790001 446811.290001 15.709999999999999 1
85126.52 446811.059998 15.809999999999999 1
85126.219999 446810.830002 15.989999999999998 1
85125.940001 446810.599998 16.15 1
85125.68 446810.389999 16.24 1
85125.42 446810.18 16.290001 1
85125.129999 446809.949997 16.43 1
85124.85 446809.720001 16.5 1
85124.59 446809.510002 16.59 1
85124.290001 446809.279999 16.68 1
85124.040001 446809.080002 16.74 1
85123.76 446808.849998 16.84 1
85123.5 446808.639999 16.99 1
85123.209999 446808.410004 17.059998999999998 1
85122.940001 446808.190002 17.139999 1
85122.67 446807.980003 17.209999 1
85122.389999 446807.760002 17.299999 1
85122.120001 446807.540001 17.41 1
85121.85 446807.32 17.52 1
85121.59 446807.120003 17.57 1
85121.32 446806.889999 17.66 1
85121.02 446806.660004 17.790001 1
85120.77 446806.459999 17.860001 1
85120.48 446806.230003 17.950001 1
85120.219999 446806.010002 18.099999999999998 0
85119.91 446805.730003 18.690001 1
85119.6 446805.470001 19.280001 1
85119.26 446805.169998 19.9 1
85118.940001 446804.879997 20.530001 1
85118.629999 446804.610001 21.08 1
85118.32 446804.330002 21.65 1
85118.01 446804.059998 22.24 1
85117.709999 446803.800003 22.780001 1
85117.41 446803.529999 23.360001 1
85117.09 446803.25 23.940001 1
85116.76 446802.949997 24.610001 1
85116.530001 446802.779999 24.41 0
85116.08 446802.480003 23.620001 2
85115.85 446802.309998 23.290001 2
85115.64 446802.169998 22.93 2
85115.4 446802.0 22.5 2
85115.17 446801.839996 22.110001 2
85114.94 446801.68 21.77 2
85114.7 446801.519997 21.41 2
85114.48 446801.360001 21.030001 2
85114.26 446801.209999 20.68 2
85114.04 446801.050003 20.299999 2
85113.81 446800.900002 19.860001 2
85113.56 446800.720001 19.48 2
85113.34 446800.57 19.139999 2
85113.09 446800.400002 18.73 2
85112.87 446800.25 18.379998999999998 2
85112.65 446800.089996 18.0 2
85112.43 446799.940002 17.639999 2
85112.18 446799.769997 17.209999 2
85111.94 446799.599998 16.799999 2
85111.71 446799.440002 16.450001 2
85111.47 446799.279999 16.040001 2
85111.24 446799.110001 15.719999999999999 2
85111.12 446799.110001 14.0 5
85110.92 446799.209999 9.299999999999999 4
85110.81 446799.260002 6.81 3
85110.75 446799.360001 4.04 4
85110.61 446799.360001 1.96 0
85110.69 446799.480003 0.7899999999999999 0
85128.290001 446812.849998 15.739999999999998 1
85128.0 446812.629997 15.709999999999999 1
85127.75 446812.440002 15.719999999999999 1
85127.450001 446812.190002 15.86 1
85127.18 446811.970001 16.059998999999998 1
85126.91 446811.75 16.139999 1
85126.65 446811.540001 16.259999999999998 1
85126.360001 446811.309998 16.33 1
85126.08 446811.089996 16.41 1
85125.799999 446810.870003 16.5 1
85125.52 446810.639999 16.59 1
85125.25 446810.43 16.68 1
85124.99 446810.220001 16.790001 1
85124.73 446810.010002 16.84 1
85124.440001 446809.769997 17.02 1
85124.15 446809.540001 17.09 1
85123.889999 446809.339996 17.139999 1
85123.6 446809.110001 17.23 1
85123.34 446808.889999 17.379998999999998 1
85123.07 446808.68 17.440001 1
85122.82 446808.480003 17.509999999999998 1
85122.530001 446808.25 17.59 1
85122.24 446808.010002 17.759999999999998 1
85121.98 446807.809998 17.780001 1
85121.700001 446807.580002 17.879998999999998 1
85121.42 446807.360001 18.030001 1
85121.17 446807.150002 18.110001 1
85120.9 446806.940002 18.209999 1
85120.629999 446806.720001 18.280001 1
85120.33 446806.489998 18.4 1
85120.08 446806.290001 18.450001 1
85119.799999 446806.059998 18.509999999999998 0
85119.51 446805.809998 18.959999 1
85119.190001 446805.529999 19.559998999999998 1
85118.889999 446805.260002 20.18 1
85118.559999 446804.970001 20.75 1
85118.24 446804.690002 21.33 1
85117.93 446804.410004 21.969998999999998 1
85117.610001 446804.129997 22.530001 1
85117.299999 446803.860001 23.110001 1
85117.01 446803.599998 23.68 1
85116.700001 446803.330002 24.25 1
85116.41 446803.080002 24.599999999999998 0
85116.17 446802.910004 24.209999 2
85115.96 446802.769997 23.790001 2
85115.71 446802.589996 23.48 2
85115.5 446802.449997 23.059998999999998 2
85115.27 446802.290001 22.74 2
85115.06 446802.139999 22.389999 2
85114.82 446801.970001 22.0 2
85114.58 446801.809998 21.57 2
85114.36 446801.660004 21.200001 2
85114.12 446801.489998 20.84 2
85113.89 446801.330002 20.49 2
85113.68 446801.18 20.099999999999998 2
85113.45 446801.019997 19.74 2
85113.22 446800.870003 19.33 2
85112.97 446800.690002 18.950001 2
85112.76 446800.550003 18.5 2
85112.51 446800.379997 18.099999999999998 2
85112.29 446800.220001 17.759999999999998 2
85112.06 446800.059998 17.419999999999998 2
85111.84 446799.900002 17.099999999999998 2
85111.59 446799.739998 16.639999 2
85111.35 446799.57 16.27 2
85111.13 446799.419998 15.739999999999998 2
85110.98 446799.400002 14.08 5
85110.71 446799.349998 10.86 4
85110.62 446799.419998 8.32 3
85110.57 446799.550003 5.1899999999999995 4
85110.49 446799.650002 2.1999999999999997 0
85110.34 446799.629997 0.59 0
85128.450001 446813.339996 15.87 1
85128.17 446813.110001 16.059998999999998 1
85127.91 446812.900002 16.099999999999998 1
85127.620001 446812.669998 16.23 1
85127.33 446812.43 16.33 1
85127.07 446812.230003 16.419999999999998 1
85126.77 446811.980003 16.540001 1
85126.51 446811.779999 16.59 1
85125.99 446811.360001 16.75 1
85125.700001 446811.129997 16.83 1
85125.42 446810.910004 16.91 1
85125.139999 446810.68 17.059998999999998 1
85124.860001 446810.459999 17.139999 1
85124.59 446810.239998 17.23 1
85124.33 446810.029999 17.34 1
85124.059999 446809.82 17.379998999999998 1
85123.780001 446809.599998 17.5 1
85123.49 446809.360001 17.610001 1
85122.940001 446808.919998 17.83 1
85122.68 446808.720001 17.870001 1
85122.41 446808.5 17.959999 1
85122.16 446808.300003 18.009999999999998 1
85121.870001 446808.059998 18.139999 1
85121.59 446807.839996 18.27 1
85121.32 446807.620003 18.349999999999998 1
85121.040001 446807.400002 18.419999999999998 1
85120.77 446807.18 18.540001 1
85120.51 446806.970001 18.669999999999998 1
85120.25 446806.760002 18.74 1
85119.98 446806.550003 18.759999999999998 1
85119.68 446806.309998 18.9 1
85119.440001 446806.120003 18.940001 1
85119.129999 446805.860001 19.219998999999998 1
85118.82 446805.580002 19.889999 1
85118.52 446805.32 20.389999 1
85118.219999 446805.050003 21.0 1
85117.879999 446804.760002 21.599999999999998 1
85117.559999 446804.470001 22.209999 1
85117.26 446804.209999 22.77 1
85116.940001 446803.919998 23.379998999999998 1
85116.629999 446803.650002 23.93 1
85116.34 446803.389999 24.530001 1
85116.08 446803.190002 24.48 0
85115.86 446803.040001 24.040001 2
85115.62 446802.870003 23.66 2
85115.41 446802.730003 23.290001 2
85115.16 446802.559998 22.93 2
85114.94 446802.400002 22.620001 2
85114.72 446802.25 22.209999 2
85114.51 446802.099998 21.82 2
85114.27 446801.940002 21.41 2
85114.03 446801.779999 21.009999999999998 2
85113.8 446801.610001 20.700001 2
85113.57 446801.449997 20.27 2
85113.35 446801.300003 19.870001 2
85113.13 446801.139999 19.549999 2
85112.9 446800.980003 19.190001 2
85112.66 446800.830002 18.73 2
85112.41 446800.650002 18.349999999999998 2
85112.2 446800.5 17.959999 2
85111.95 446800.330002 17.559998999999998 2
85111.73 446800.18 17.25 2
85111.5 446800.019997 16.860001 2
85111.28 446799.860001 16.530001 2
85111.04 446799.699997 16.049999 2
85110.79 446799.519997 15.69 2
85110.66 446799.510002 13.979999999999999 6
85110.47 446799.620003 9.16 4
85110.54 446799.739998 8.12 3
85110.56 446799.949997 4.34 4
85110.44 446799.970001 2.21 0
85110.18 446799.779999 2.05 0
85128.370001 446813.57 16.219998999999998 1
85128.07 446813.330002 16.370001 1
85127.809999 446813.120003 16.419999999999998 1
85127.530001 446812.900002 16.559998999999998 1
85127.280001 446812.699997 16.59 1
85126.98 446812.459999 16.74 1
85126.709999 446812.239998 16.77 1
85126.43 446812.019997 16.9 1
85126.139999 446811.790001 17.049999 1
85125.879999 446811.580002 17.059998999999998 1
85125.620001 446811.370003 17.139999 1
85125.34 446811.150002 17.25 1
85125.059999 446810.93 17.360001 1
85124.77 446810.690002 17.48 1
85124.52 446810.489998 17.540001 1
85124.219999 446810.25 17.66 1
85123.969999 446810.040001 17.75 1
85123.700001 446809.830002 17.799999 1
85123.43 446809.610001 17.950001 1
85123.139999 446809.389999 18.02 1
85122.860001 446809.160004 18.139999 1
85122.6 446808.949997 18.190001 1
85122.32 446808.720001 18.33 1
85122.049999 446808.510002 18.389999 1
85121.799999 446808.309998 18.440001 1
85121.52 446808.089996 18.559998999999998 1
85121.25 446807.870003 18.610001 1
85120.950001 446807.629997 18.799999 1
85120.700001 446807.43 18.849999999999998 1
85120.41 446807.199997 18.940001 1
85120.16 446807.0 19.040001 1
85119.889999 446806.779999 19.099999999999998 1
85119.629999 446806.580002 19.190001 1
85119.35 446806.339996 19.290001 1
85119.07 446806.120003 19.379998999999998 1
85118.799999 446805.910004 19.49 0
85118.469999 446805.620003 20.139999 1
85118.17 446805.349998 20.709999 1
85117.870001 446805.080002 21.32 1
85117.559999 446804.809998 21.84 1
85117.24 446804.529999 22.440001 1
85116.91 446804.239998 23.030001 1
85116.620001 446803.980003 23.610001 1
85116.290001 446803.690002 24.190001 1
85116.01 446803.449997 24.629998999999998 0
85115.79 446803.300003 24.219998999999998 2
85115.58 446803.150002 23.889999 2
85115.33 446802.970001 23.58 2
85115.1 446802.809998 23.129998999999998 2
85114.88 446802.660004 22.74 2
85114.64 446802.5 22.360001 2
85114.41 446802.339996 22.030001 2
85114.21 446802.199997 21.620001 2
85113.98 446802.029999 21.309998999999998 2
85113.74 446801.870003 20.91 2
85113.5 446801.709999 20.450001 2
85113.28 446801.550003 20.15 2
85113.04 446801.379997 19.709999 2
85112.58 446801.059998 19.08 2
85112.37 446800.919998 18.639999 2
85112.13 446800.75 18.23 2
85111.9 446800.589996 17.799999 2
85111.66 446800.43 17.41 2
85111.42 446800.260002 17.02 2
85111.19 446800.110001 16.65 2
85110.97 446799.949997 16.32 2
85110.75 446799.800003 15.92 2
85110.49 446799.610001 15.69 2
85110.6 446799.779999 14.1 6
85110.5 446800.010002 8.18 4
85110.22 446799.800003 8.129999999999999 3
85110.23 446800.019997 4.28 4
85110.38 446800.239998 2.17 0
85110.12 446800.040001 2.15 0
85109.92 446799.940002 1.2 0
85109.97 446800.010002 0.58 0
85128.27 446813.849998 16.559998999999998 1
85127.969999 446813.610001 16.68 1
85127.709999 446813.410004 16.759999999999998 1
85127.41 446813.160004 16.9 1
85127.15 446812.949997 17.059998999999998 1
85126.889999 446812.739998 17.049999 1
85126.33 446812.300003 17.259999999999998 1
85126.049999 446812.07 17.34 1
85125.780001 446811.849998 17.450001 1
85125.5 446811.629997 17.549999 1
85125.23 446811.419998 17.610001 1
85124.98 446811.209999 17.669999999999998 1
85124.700001 446810.989998 17.790001 1
85124.42 446810.760002 17.919999999999998 1
85124.129999 446810.529999 18.0 1
85123.870001 446810.330002 18.09 1
85123.58 446810.099998 18.099999999999998 1
85123.32 446809.889999 18.24 1
85123.049999 446809.669998 18.370001 1
85122.799999 446809.470001 18.450001 1
85122.5 446809.230003 18.559998999999998 1
85122.23 446809.010002 18.620001 1
85121.959999 446808.790001 18.74 1
85121.68 446808.57 18.83 1
85121.41 446808.349998 18.919999999999998 1
85121.15 446808.150002 19.02 1
85120.889999 446807.940002 19.110001 1
85120.610001 446807.720001 19.16 1
85120.32 446807.480003 19.299999 1
85120.059999 446807.279999 19.4 1
85119.780001 446807.040001 19.5 1
85119.52 446806.839996 19.59 1
85119.26 446806.639999 19.59 1
85119.0 446806.419998 19.74 1
85118.709999 446806.190002 19.860001 1
85118.440001 446805.980003 19.9 1
85118.15 446805.730003 20.299999 1
85117.83 446805.449997 20.860001 1
85117.51 446805.160004 21.509999999999998 1
85117.209999 446804.900002 22.08 1
85116.91 446804.629997 22.620001 1
85116.59 446804.349998 23.209999 1
85116.27 446804.07 23.82 1
85115.97 446803.800003 24.43 1
85115.69 446803.580002 24.5 2
85115.48 446803.43 24.110001 2
85115.25 446803.269997 23.75 2
85115.03 446803.120003 23.450001 2
85114.8 446802.959999 22.99 2
85114.56 446802.800003 22.620001 2
85114.34 446802.639999 22.24 2
85114.11 446802.480003 21.879998999999998 2
85113.88 446802.32 21.49 2
85113.66 446802.18 21.099999999999998 2
85113.44 446802.019997 20.75 2
85113.21 446801.860001 20.309998999999998 2
85112.96 446801.68 19.98 2
85112.74 446801.529999 19.629998999999998 2
85112.49 446801.349998 19.290001 2
85112.05 446801.050003 18.469998999999998 2
85111.83 446800.900002 18.08 2
85111.58 446800.730003 17.669999999999998 2
85111.35 446800.57 17.280001 2
85111.12 446800.410004 16.91 2
85110.88 446800.239998 16.52 2
85110.65 446800.080002 16.18 2
85110.43 446799.940002 15.69 2
85110.29 446799.919998 14.01 6
85110.16 446800.120003 8.17 3
85109.91 446799.93 8.11 3
85110.0 446800.080002 6.77 3
85110.04 446800.349998 2.19 0
85109.79 446800.160004 2.12 0
85128.379999 446814.330002 16.919999999999998 1
85128.120001 446814.129997 16.99 1
85127.85 446813.910004 17.099999999999998 1
85127.559999 446813.68 17.200001 1
85127.27 446813.449997 17.299999 1
85127.01 446813.239998 17.360001 1
85126.719999 446813.0 17.48 1
85126.459999 446812.790001 17.59 1
85126.190001 446812.580002 17.65 1
85125.93 446812.370003 17.74 1
85125.639999 446812.139999 17.809998999999998 1
85125.360001 446811.910004 17.919999999999998 1
85125.09 446811.699997 18.02 1
85124.809999 446811.470001 18.110001 1
85124.540001 446811.260002 18.209999 1
85124.280001 446811.050003 18.27 1
85124.0 446810.830002 18.440001 1
85123.73 446810.610001 18.5 1
85123.43 446810.370003 18.620001 1
85123.18 446810.169998 18.68 1
85122.889999 446809.940002 18.759999999999998 1
85122.629999 446809.730003 18.84 1
85122.360001 446809.510002 18.959999 1
85122.110001 446809.309998 19.030001 1
85121.809999 446809.07 19.169999999999998 1
85121.540001 446808.849998 19.24 1
85121.27 446808.639999 19.34 1
85120.99 446808.419998 19.41 1
85120.73 446808.199997 19.5 1
85120.469999 446808.0 19.59 1
85120.200001 446807.779999 19.700001 1
85119.93 446807.559998 19.780001 1
85119.639999 446807.330002 19.849999999999998 1
85119.379999 446807.120003 20.0 1
85119.1 446806.900002 20.049999 1
85118.84 446806.690002 20.15 1
85118.57 446806.480003 20.219998999999998 1
85118.32 446806.279999 20.32 1
85118.040001 446806.050003 20.389999 1
85117.75 446805.82 20.549999 0
85117.450001 446805.550003 21.15 1
85117.120001 446805.260002 21.759999999999998 1
85116.809999 446804.989998 22.33 1
85116.52 446804.730003 22.889999 1
85116.209999 446804.459999 23.469998999999998 1
85115.9 446804.18 24.030001 1
85115.57 446803.889999 24.639999 0
85115.35 446803.739998 24.33 2
85115.11 446803.57 23.940001 2
85114.9 446803.419998 23.59 2
85114.67 446803.269997 23.219998999999998 2
85114.46 446803.110001 22.889999 2
85114.22 446802.949997 22.48 2
85113.99 446802.790001 22.08 2
85113.76 446802.639999 21.639999 2
85113.53 446802.470001 21.299999 2
85113.3 446802.309998 20.959999 2
85113.08 446802.160004 20.610001 2
85112.86 446802.010002 20.190001 2
85112.62 446801.839996 19.84 2
85112.38 446801.68 19.379998999999998 2
85112.16 446801.519997 19.08 2
85111.91 446801.349998 18.68 2
85111.7 446801.199997 18.309998999999998 2
85111.47 446801.050003 17.84 2
85111.24 446800.889999 17.559998999999998 2
85111.0 446800.720001 17.139999 2
85110.76 446800.550003 16.75 2
85110.53 446800.389999 16.349999999999998 2
85110.29 446800.230003 15.969999999999999 2
85110.05 446800.050003 15.719999999999999 2
85110.17 446800.230003 14.12 5
85109.81 446800.269997 8.139999999999999 3
85109.79 446800.459999 4.319999999999999 4
85109.94 446800.690002 2.1599999999999997 0
85109.68 446800.489998 2.1599999999999997 0
85109.46 446800.360001 1.27 0
85128.219999 446814.629997 17.349999999999998 1
85127.940001 446814.400002 17.450001 1
85127.66 446814.18 17.58 1
85127.41 446813.970001 17.65 1
85127.139999 446813.760002 17.709999 1
85126.85 446813.529999 17.860001 1
85126.559999 446813.300003 17.940001 1
85126.299999 446813.080002 18.049999 1
85126.01 446812.849998 18.129998999999998 1
85125.75 446812.650002 18.200001 1
85125.48 446812.43 18.24 1
85125.219999 446812.220001 18.41 1
85124.93 446811.989998 18.469998999999998 1
85124.65 446811.769997 18.530001 1
85124.379999 446811.550003 18.68 1
85124.1 446811.32 18.759999999999998 1
85123.83 446811.110001 18.860001 1
85123.58 446810.910004 18.879998999999998 1
85123.299999 446810.68 19.030001 1
85123.02 446810.459999 19.169999999999998 1
85122.73 446810.230003 19.23 1
85122.48 446810.029999 19.290001 1
85122.190001 446809.800003 19.349999999999998 1
85121.93 446809.589996 19.48 1
85121.67 446809.379997 19.559998999999998 1
85121.4 446809.160004 19.669999999999998 1
85121.120001 446808.940002 19.690001 1
85120.84 446808.709999 19.849999999999998 1
85120.57 446808.5 19.98 1
85120.299999 446808.279999 20.07 1
85120.030001 446808.059998 20.139999 1
85119.780001 446807.860001 20.209999 1
85119.51 446807.650002 20.290001 1
85119.23 446807.419998 20.43 1
85118.940001 446807.190002 20.509999999999998 1
85118.690001 446806.989998 20.599999999999998 1
85118.4 446806.760002 20.669999999999998 1
85118.15 446806.559998 20.780001 1
85117.879999 446806.339996 20.860001 1
85117.629999 446806.150002 20.91 1
85117.35 446805.919998 20.99 0
85117.049999 446805.669998 21.299999 0
85116.74 446805.389999 21.969998999999998 1
85116.42 446805.110001 22.530001 1
85116.110001 446804.839996 23.15 1
85115.82 446804.580002 23.68 1
85115.52 446804.309998 24.219998999999998 1
85115.22 446804.059998 24.58 0
85114.98 446803.900002 24.169999999999998 2
85114.77 446803.75 23.780001 2
85114.53 446803.580002 23.41 2
85114.31 446803.43 23.099999999999998 2
85114.09 446803.269997 22.719998999999998 2
85113.87 446803.120003 22.379998999999998 2
85113.63 446802.959999 21.959999 2
85113.39 446802.790001 21.57 2
85113.17 446802.639999 21.18 2
85112.94 446802.480003 20.790001 2
85112.71 446802.32 20.4 2
85112.49 446802.169998 20.099999999999998 2
85112.27 446802.010002 19.700001 2
85112.03 446801.849998 19.259999999999998 2
85111.79 446801.68 18.879998999999998 2
85111.56 446801.519997 18.559998999999998 2
85111.31 446801.349998 18.15 2
85111.1 446801.199997 17.77 2
85110.65 446800.889999 17.02 2
85110.4 446800.720001 16.629998999999998 2
85110.17 446800.559998 16.190001 2
85109.94 446800.410004 15.729999999999999 2
85109.79 446800.379997 14.04 6
85109.7 446800.620003 8.17 3
85109.44 446800.419998 8.129999999999999 3
85109.58 446800.849998 2.17 0
85109.29 446800.629997 2.14 0
85128.1 446814.919998 17.75 1
85127.799999 446814.68 17.849999999999998 1
85127.549999 446814.470001 17.93 1
85127.25 446814.230003 18.09 1
85126.99 446814.029999 18.15 1
85126.73 446813.82 18.190001 1
85126.459999 446813.599998 18.33 1
85126.17 446813.370003 18.41 1
85125.889999 446813.139999 18.549999 1
85125.620001 446812.93 18.58 1
85125.34 446812.699997 18.690001 1
85125.07 446812.489998 18.75 1
85124.809999 446812.279999 18.870001 1
85124.540001 446812.059998 18.98 1
85124.26 446811.839996 19.07 1
85123.969999 446811.610001 19.16 1
85123.709999 446811.400002 19.27 1
85123.42 446811.169998 19.33 1
85123.17 446810.970001 19.389999 1
85122.889999 446810.75 19.5 1
85122.639999 446810.550003 19.58 1
85122.35 446810.309998 19.719998999999998 1
85122.07 446810.089996 19.790001 1
85121.809999 446809.879997 19.879998999999998 1
85121.52 446809.650002 19.959999 1
85121.26 446809.440002 20.110001 1
85121.0 446809.230003 20.129998999999998 1
85120.75 446809.029999 20.209999 1
85120.459999 446808.790001 20.33 1
85120.18 446808.57 20.43 1
85119.91 446808.360001 20.530001 1
85119.629999 446808.139999 20.629998999999998 1
85119.370001 446807.919998 20.690001 1
85119.110001 446807.709999 20.84 1
85118.84 446807.5 20.919999999999998 1
85118.57 446807.290001 20.969998999999998 1
85118.290001 446807.059998 21.09 1
85118.030001 446806.849998 21.169999999999998 1
85117.74 446806.620003 21.290001 1
85117.49 446806.410004 21.370001 1
85117.219999 446806.199997 21.48 1
85116.969999 446806.0 21.530001 1
85116.690001 446805.779999 21.57 1
85116.379999 446805.5 22.16 1
85116.07 446805.230003 22.75 1
85115.75 446804.949997 23.309998999999998 1
85115.44 446804.68 23.9 1
85115.14 446804.410004 24.52 0
85114.89 446804.220001 24.459999 2
85114.67 446804.059998 24.02 2
85114.42 446803.889999 23.709999 2
85114.22 446803.75 23.280001 2
85113.97 446803.580002 22.9 2
85113.75 446803.43 22.599999999999998 2
85113.53 446803.269997 22.200001 2
85113.31 446803.120003 21.82 2
85113.07 446802.949997 21.450001 2
85112.84 446802.790001 21.030001 2
85112.61 446802.629997 20.690001 2
85112.38 446802.470001 20.290001 2
85112.15 446802.309998 19.919999999999998 2
85111.93 446802.160004 19.599999999999998 2
85111.7 446802.010002 19.120001 2
85111.47 446801.839996 18.759999999999998 2
85111.21 446801.660004 18.41 2
85111.0 446801.519997 17.950001 2
85110.75 446801.349998 17.629998999999998 2
85110.53 446801.190002 17.259999999999998 2
85110.31 446801.040001 16.870001 2
85110.08 446800.879997 16.530001 2
85109.84 446800.720001 16.02 2
85109.59 446800.540001 15.68 2
85109.46 446800.529999 13.959999999999999 6
85109.34 446800.75 8.15 3
85109.2 446800.730003 6.56 3
85109.11 446800.790001 4.04 0
85108.96 446800.769997 2.14 0
85128.209999 446815.440002 18.15 1
85127.940001 446815.230003 18.290001 1
85127.66 446815.010002 18.389999 1
85127.389999 446814.790001 18.43 1
85127.1 446814.550003 18.52 1
85126.84 446814.349998 18.629998999999998 1
85126.540001 446814.110001 18.73 1
85126.290001 446813.910004 18.780001 1
85126.01 446813.690002 18.9 1
85125.76 446813.489998 18.93 1
85125.459999 446813.239998 19.09 1
85125.190001 446813.029999 19.15 1
85124.91 446812.809998 19.24 1
85124.629999 446812.580002 19.360001 1
85124.370001 446812.370003 19.41 1
85124.110001 446812.160004 19.540001 1
85123.84 446811.949997 19.599999999999998 1
85123.559999 446811.720001 19.719998999999998 1
85123.26 446811.480003 19.849999999999998 1
85123.01 446811.279999 19.91 1
85122.719999 446811.050003 20.02 1
85122.469999 446810.849998 20.08 1
85122.200001 446810.639999 20.16 1
85121.940001 446810.43 20.25 1
85121.65 446810.199997 20.33 1
85121.370001 446809.970001 20.48 1
85121.1 446809.75 20.559998999999998 1
85120.84 446809.540001 20.59 1
85120.559999 446809.32 20.709999 1
85120.309999 446809.120003 20.809998999999998 1
85120.040001 446808.900002 20.93 1
85119.77 446808.68 21.0 1
85119.469999 446808.449997 21.15 1
85119.219999 446808.239998 21.200001 1
85118.93 446808.019997 21.280001 1
85118.68 446807.809998 21.389999 1
85118.41 446807.599998 21.5 1
85118.16 446807.400002 21.549999 1
85117.889999 446807.18 21.549999 1
85117.620001 446806.980003 21.509999999999998 1
85117.370001 446806.779999 21.48 1
85117.1 446806.57 21.48 1
85116.84 446806.370003 21.48 1
85116.6 446806.18 21.469998999999998 1
85116.32 446805.949997 21.719998999999998 1
85116.0 446805.660004 22.349999999999998 1
85115.67 446805.379997 22.93 1
85115.38 446805.110001 23.52 1
85115.05 446804.82 24.110001 1
85114.76 446804.57 24.629998999999998 0
85114.53 446804.410004 24.33 2
85114.32 446804.269997 23.9 2
85114.08 446804.089996 23.57 2
85113.85 446803.940002 23.16 2
85113.62 446803.779999 22.790001 2
85113.39 446803.620003 22.4 2
85113.16 446803.459999 22.049999 2
85112.95 446803.309998 21.65 2
85112.72 446803.150002 21.34 2
85112.48 446802.989998 20.950001 2
85112.24 446802.82 20.540001 2
85112.03 446802.669998 20.200001 2
85111.78 446802.5 19.75 2
85111.56 446802.349998 19.43 2
85111.33 446802.18 19.099999999999998 2
85111.12 446802.040001 18.65 2
85110.87 446801.870003 18.25 2
85110.63 446801.699997 17.879998999999998 2
85110.4 446801.540001 17.509999999999998 2
85110.17 446801.379997 17.099999999999998 2
85109.93 446801.220001 16.74 2
85109.71 446801.07 16.360001 2
85109.48 446800.900002 15.969999999999999 2
85109.23 446800.720001 15.719999999999999 2
85109.34 446800.900002 14.139999999999999 6
85108.66 446800.860001 4.93 4
85108.59 446800.959999 2.11 0
85128.32 446815.949997 18.48 1
85128.049999 446815.739998 18.559998999999998 1
85127.77 446815.519997 18.620001 1
85127.49 446815.290001 18.799999 1
85127.24 446815.089996 18.809998999999998 1
85126.959999 446814.870003 18.959999 1
85126.690001 446814.650002 19.030001 1
85126.389999 446814.410004 19.110001 1
85126.129999 446814.199997 19.24 1
85125.84 446813.970001 19.349999999999998 1
85125.58 446813.760002 19.440001 1
85125.32 446813.550003 19.459999 1
85125.059999 446813.349998 19.52 1
85124.76 446813.110001 19.68 1
85124.48 446812.879997 19.790001 1
85124.209999 446812.660004 19.879998999999998 1
85123.940001 446812.449997 19.93 1
85123.67 446812.230003 20.040001 1
85123.41 446812.019997 20.15 1
85123.139999 446811.809998 20.209999 1
85122.860001 446811.580002 20.34 1
85122.57 446811.349998 20.440001 1
85122.32 446811.150002 20.459999 1
85122.02 446810.910004 20.620001 1
85121.77 446810.709999 20.709999 1
85121.51 446810.5 20.77 1
85121.25 446810.290001 20.84 1
85120.959999 446810.059998 20.959999 1
85120.68 446809.830002 21.08 1
85120.41 446809.620003 21.169999999999998 1
85120.139999 446809.400002 21.23 1
85119.870001 446809.18 21.349999999999998 1
85119.610001 446808.980003 21.48 1
85119.35 446808.769997 21.549999 1
85119.08 446808.550003 21.58 1
85118.799999 446808.339996 21.549999 1
85118.559999 446808.150002 21.5 1
85118.280001 446807.940002 21.5 1
85118.040001 446807.739998 21.5 1
85117.780001 446807.540001 21.49 1
85117.540001 446807.349998 21.49 1
85117.26 446807.139999 21.48 1
85117.0 446806.93 21.469998999999998 1
85116.74 446806.730003 21.469998999999998 1
85116.469999 446806.519997 21.469998999999998 1
85116.219999 446806.32 21.48 1
85115.92 446806.059998 22.009999999999998 1
85115.62 446805.800003 22.49 1
85115.3 446805.510002 23.139999 1
85114.97 446805.220001 23.759999999999998 1
85114.68 446804.959999 24.309998999999998 1
85114.38 446804.720001 24.549999 0
85114.18 446804.580002 24.15 2
85113.95 446804.419998 23.809998999999998 2
85113.74 446804.269997 23.469998999999998 2
85113.5 446804.110001 23.030001 2
85113.26 446803.949997 22.629998999999998 2
85113.04 446803.790001 22.27 2
85112.8 446803.620003 21.91 2
85112.58 446803.470001 21.530001 2
85112.36 446803.32 21.169999999999998 2
85112.13 446803.150002 20.849999999999998 2
85111.91 446803.0 20.379998999999998 2
85111.66 446802.830002 19.99 2
85111.44 446802.68 19.620001 2
85110.97 446802.360001 18.870001 2
85110.75 446802.199997 18.509999999999998 2
85110.53 446802.050003 18.139999 2
85110.28 446801.870003 17.74 2
85110.04 446801.709999 17.34 2
85109.81 446801.550003 16.98 2
85109.57 446801.379997 16.57 2
85109.34 446801.220001 16.190001 2
85109.13 446801.080002 15.7 2
85108.99 446801.059998 14.08 6
85108.39 446801.18 3.28 4
85108.29 446801.239998 0.7999999999999999 0
85128.219999 446816.25 18.849999999999998 1
85127.93 446816.019997 18.950001 1
85127.65 446815.790001 19.009999999999998 1
85127.379999 446815.57 19.120001 1
85127.1 446815.349998 19.23 1
85126.82 446815.120003 19.379998999999998 1
85126.57 446814.919998 19.41 1
85126.290001 446814.699997 19.549999 1
85126.02 446814.489998 19.540001 1
85125.719999 446814.239998 19.73 1
85125.459999 446814.040001 19.77 1
85125.17 446813.809998 19.849999999999998 1
85124.92 446813.610001 19.919999999999998 1
85124.639999 446813.379997 20.059998999999998 1
85124.389999 446813.18 20.15 1
85124.09 446812.940002 20.259999999999998 1
85123.82 446812.730003 20.309998999999998 1
85123.540001 446812.5 20.469998999999998 1
85123.27 446812.279999 20.52 1
85123.0 446812.07 20.58 1
85122.75 446811.860001 20.690001 1
85122.48 446811.650002 20.799999 1
85122.200001 446811.419998 20.9 1
85121.91 446811.190002 20.98 1
85121.66 446810.989998 21.049999 1
85121.360001 446810.75 21.169999999999998 1
85121.110001 446810.550003 21.259999999999998 1
85120.84 446810.330002 21.370001 1
85120.59 446810.129997 21.48 1
85120.299999 446809.900002 21.559998999999998 1
85120.030001 446809.690002 21.57 1
85119.780001 446809.489998 21.530001 1
85119.51 446809.290001 21.52 1
85119.25 446809.080002 21.5 1
85119.01 446808.889999 21.5 1
85118.75 446808.690002 21.49 1
85118.49 446808.489998 21.5 1
85118.209999 446808.269997 21.49 1
85117.959999 446808.07 21.49 1
85117.690001 446807.860001 21.48 1
85117.440001 446807.660004 21.49 1
85117.18 446807.470001 21.469998999999998 1
85116.940001 446807.269997 21.48 1
85116.66 446807.059998 21.469998999999998 1
85116.4 446806.849998 21.469998999999998 1
85116.139999 446806.650002 21.459999 1
85115.87 446806.43 21.57 1
85115.55 446806.150002 22.219998999999998 1
85115.25 446805.879997 22.780001 1
85114.95 446805.620003 23.32 1
85114.63 446805.339996 23.940001 1
85114.31 446805.040001 24.58 1
85114.08 446804.870003 24.419999999999998 0
85113.84 446804.709999 23.98 2
85113.63 446804.57 23.599999999999998 2
85113.39 446804.400002 23.290001 2
85113.18 446804.260002 22.9 2
85112.94 446804.089996 22.5 2
85112.71 446803.93 22.139999 2
85112.48 446803.769997 21.809998999999998 2
85112.25 446803.610001 21.379998999999998 2
85112.02 446803.449997 20.99 2
85111.81 446803.300003 20.629998999999998 2
85111.58 446803.139999 20.24 2
85111.34 446802.980003 19.889999 2
85111.1 446802.809998 19.49 2
85110.88 446802.660004 19.129998999999998 2
85110.64 446802.489998 18.709999 2
85110.42 446802.339996 18.309998999999998 2
85110.19 446802.18 17.93 2
85109.96 446802.019997 17.610001 2
85109.71 446801.849998 17.200001 2
85109.48 446801.690002 16.780001 2
85109.25 446801.529999 16.440001 2
85109.01 446801.360001 16.009999999999998 2
85108.78 446801.199997 15.7 2
85108.29 446801.269997 7.319999999999999 3
85108.23 446801.370003 4.58 4
85108.3 446801.489998 3.5 4
85128.4 446816.709999 19.049999 1
85128.139999 446816.489998 19.169999999999998 1
85127.870001 446816.279999 19.23 1
85127.610001 446816.07 19.34 1
85127.309999 446815.830002 19.459999 1
85127.030001 446815.610001 19.57 1
85126.77 446815.400002 19.59 1
85126.48 446815.160004 19.75 1
85126.209999 446814.949997 19.83 1
85125.950001 446814.739998 19.9 1
85125.690001 446814.529999 19.969998999999998 1
85125.4 446814.300003 20.099999999999998 1
85125.110001 446814.07 20.200001 1
85124.860001 446813.870003 20.27 1
85124.559999 446813.629997 20.379998999999998 1
85124.299999 446813.419998 20.469998999999998 1
85124.030001 446813.209999 20.549999 1
85123.780001 446813.0 20.65 1
85123.49 446812.769997 20.74 1
85123.209999 446812.550003 20.84 1
85122.950001 446812.339996 20.9 1
85122.67 446812.110001 21.02 1
85122.4 446811.900002 21.09 1
85122.139999 446811.690002 21.200001 1
85121.870001 446811.480003 21.27 1
85121.6 446811.25 21.379998999999998 1
85121.309999 446811.019997 21.52 1
85121.059999 446810.82 21.559998999999998 1
85120.780001 446810.599998 21.559998999999998 1
85120.530001 446810.410004 21.52 1
85120.27 446810.209999 21.49 1
85120.030001 446810.019997 21.5 1
85119.75 446809.800003 21.48 1
85119.49 446809.599998 21.49 1
85119.23 446809.400002 21.49 1
85118.959999 446809.190002 21.5 1
85118.709999 446808.989998 21.5 1
85118.450001 446808.790001 21.5 1
85118.200001 446808.589996 21.49 1
85117.93 446808.379997 21.49 1
85117.66 446808.169998 21.48 1
85117.42 446807.980003 21.469998999999998 1
85117.139999 446807.760002 21.469998999999998 1
85116.889999 446807.57 21.469998999999998 1
85116.629999 446807.360001 21.469998999999998 1
85116.389999 446807.169998 21.48 1
85116.110001 446806.949997 21.49 1
85115.84 446806.739998 21.49 1
85115.56 446806.510002 21.780001 1
85115.25 446806.230003 22.34 1
85114.94 446805.959999 22.940001 1
85114.65 446805.699997 23.48 1
85114.34 446805.43 24.07 1
85114.03 446805.150002 24.629998999999998 0
85113.78 446804.980003 24.290001 2
85113.57 446804.830002 23.93 2
85113.33 446804.669998 23.49 2
85113.12 446804.519997 23.169999999999998 2
85112.89 446804.360001 22.799999 2
85112.68 446804.220001 22.43 2
85112.43 446804.050003 22.009999999999998 2
85112.19 446803.879997 21.690001 2
85111.97 446803.720001 21.280001 2
85111.74 446803.57 20.849999999999998 2
85111.52 446803.410004 20.469998999999998 2
85111.3 446803.260002 20.129998999999998 2
85111.07 446803.110001 19.719998999999998 2
85110.84 446802.940002 19.32 2
85110.59 446802.769997 18.940001 2
85110.36 446802.610001 18.639999 2
85110.12 446802.449997 18.16 2
85109.9 446802.290001 17.84 2
85109.67 446802.129997 17.450001 2
85109.45 446801.980003 17.110001 2
85109.2 446801.809998 16.690001 2
85108.96 446801.639999 16.309998999999998 2
85108.73 446801.480003 15.86 2
85108.48 446801.290001 15.68 2
85108.59 446801.470001 14.059999999999999 6
85108.24 446801.510002 8.15 3
85108.16 446801.599998 5.34 4
85108.09 446801.720001 2.15 0
85107.93 446801.669998 0.73 0
85128.309999 446816.989998 19.469998999999998 1
85128.049999 446816.779999 19.52 1
85127.77 446816.559998 19.59 1
85127.49 446816.330002 19.709999 1
85127.23 446816.120003 19.799999 1
85126.959999 446815.910004 19.860001 1
85126.67 446815.68 20.009999999999998 1
85126.389999 446815.449997 20.08 1
85126.129999 446815.239998 20.169999999999998 1
85125.84 446815.010002 20.259999999999998 1
85125.58 446814.809998 20.32 1
85125.309999 446814.589996 20.419999999999998 1
85125.049999 446814.379997 20.52 1
85124.75 446814.129997 20.709999 1
85124.48 446813.919998 20.75 1
85124.209999 446813.709999 20.799999 1
85123.940001 446813.480003 20.940001 1
85123.67 446813.269997 21.009999999999998 1
85123.41 446813.059998 21.09 1
85123.139999 446812.839996 21.200001 1
85122.85 446812.610001 21.360001 1
85122.57 446812.389999 21.419999999999998 1
85122.309999 446812.18 21.49 1
85122.030001 446811.959999 21.559998999999998 1
85121.780001 446811.760002 21.57 1
85121.530001 446811.57 21.52 1
85121.290001 446811.379997 21.5 1
85121.0 446811.160004 21.5 1
85120.74 446810.949997 21.5 1
85120.48 446810.75 21.49 1
85120.209999 446810.540001 21.5 1
85119.959999 446810.339996 21.48 1
85119.709999 446810.150002 21.48 1
85119.450001 446809.940002 21.49 1
85119.190001 446809.739998 21.469998999999998 1
85118.91 446809.519997 21.48 1
85118.66 446809.32 21.5 1
85118.379999 446809.110001 21.5 1
85118.139999 446808.910004 21.509999999999998 1
85117.870001 446808.690002 21.66 1
85117.610001 446808.480003 21.809998999999998 0
85117.360001 446808.300003 21.49 1
85117.09 446808.099998 21.49 1
85116.83 446807.889999 21.48 1
85116.57 446807.690002 21.469998999999998 1
85116.309999 446807.489998 21.469998999999998 1
85116.07 446807.290001 21.49 1
85115.81 446807.089996 21.48 1
85115.54 446806.889999 21.48 1
85115.22 446806.610001 21.98 1
85114.93 446806.339996 22.559998999999998 1
85114.6 446806.050003 23.18 1
85114.31 446805.790001 23.719998999999998 1
85114.0 446805.519997 24.299999 1
85113.74 446805.300003 24.57 0
85113.49 446805.129997 24.190001 2
85113.26 446804.980003 23.790001 2
85113.04 446804.82 23.419999999999998 2
85112.81 446804.660004 23.0 2
85112.58 446804.5 22.629998999999998 2
85112.37 446804.349998 22.299999 2
85112.14 446804.199997 21.91 2
85111.91 446804.040001 21.52 2
85111.67 446803.870003 21.120001 2
85111.45 446803.720001 20.790001 2
85111.2 446803.540001 20.389999 2
85110.98 446803.400002 19.98 2
85110.76 446803.239998 19.610001 2
85110.54 446803.089996 19.27 2
85110.3 446802.919998 18.83 2
85110.06 446802.75 18.459999 2
85109.83 446802.589996 18.07 2
85109.59 446802.43 17.690001 2
85109.36 446802.269997 17.33 2
85109.14 446802.110001 16.98 2
85108.91 446801.949997 16.58 2
85108.67 446801.790001 16.190001 2
85108.43 446801.629997 15.69 2
85108.3 446801.620003 14.0 6
85108.18 446801.839996 8.16 3
85108.01 446801.779999 6.779999999999999 3
85108.07 446802.07 2.17 0
85107.78 446801.860001 2.12 0
85128.209999 446817.269997 19.870001 1
85127.92 446817.040001 19.93 1
85127.629999 446816.809998 20.08 1
85127.370001 446816.599998 20.08 1
85127.09 446816.379997 20.169999999999998 1
85126.82 446816.160004 20.23 1
85126.559999 446815.949997 20.379998999999998 1
85126.290001 446815.739998 20.440001 1
85126.01 446815.510002 20.559998999999998 1
85125.719999 446815.279999 20.599999999999998 1
85125.459999 446815.07 20.73 1
85125.16 446814.830002 20.889999 1
85124.91 446814.629997 20.919999999999998 1
85124.639999 446814.410004 21.02 1
85124.389999 446814.209999 21.08 1
85124.09 446813.980003 21.190001 1
85123.82 446813.760002 21.280001 1
85123.549999 446813.540001 21.4 1
85123.27 446813.309998 21.52 1
85123.0 446813.099998 21.57 1
85122.75 446812.900002 21.59 1
85122.5 446812.709999 21.509999999999998 1
85122.23 446812.5 21.5 1
85121.959999 446812.290001 21.49 1
85121.709999 446812.089996 21.5 1
85121.43 446811.879997 21.49 1
85121.190001 446811.68 21.5 1
85120.93 446811.480003 21.49 1
85120.68 446811.279999 21.509999999999998 1
85120.4 446811.07 21.49 1
85120.129999 446810.860001 21.5 1
85119.790001 446810.540001 22.41 0
85119.52 446810.330002 22.389999 7
85119.27 446810.129997 22.379998999999998 7
85119.02 446809.940002 22.34 0
85119.09 446810.029999 21.690001 0
85118.85 446809.849998 21.49 1
85118.58 446809.639999 21.5 1
85118.299999 446809.43 21.5 1
85118.030001 446809.190002 21.82 1
85117.74 446808.959999 21.91 1
85117.51 446808.779999 21.83 0
85117.280001 446808.620003 21.5 8
85117.030001 446808.43 21.49 1
85116.75 446808.220001 21.48 1
85116.49 446808.010002 21.469998999999998 1
85116.23 446807.809998 21.469998999999998 1
85115.97 446807.599998 21.469998999999998 1
85115.71 446807.400002 21.48 1
85115.86 446807.599998 19.870001 0
85115.47 446807.209999 21.469998999999998 1
85115.2 446806.989998 21.559998999999998 1
85114.88 446806.699997 22.24 1
85114.55 446806.410004 22.849999999999998 1
85114.25 446806.150002 23.41 1
85113.93 446805.870003 23.99 1
85113.63 446805.599998 24.58 1
85113.4 446805.43 24.389999 2
85113.18 446805.269997 24.110001 2
85112.94 446805.120003 23.599999999999998 2
85112.71 446804.959999 23.219998999999998 2
85112.48 446804.800003 22.879998999999998 2
85112.25 446804.639999 22.469998999999998 2
85112.02 446804.480003 22.099999999999998 2
85111.81 446804.330002 21.75 2
85111.59 446804.169998 21.379998999999998 2
85111.35 446804.019997 20.969998999999998 2
85111.11 446803.849998 20.530001 2
85110.89 446803.690002 20.200001 2
85110.64 446803.519997 19.799999 2
85110.43 446803.370003 19.440001 2
85110.2 446803.209999 19.08 2
85109.98 446803.059998 18.74 2
85109.5 446802.730003 17.919999999999998 2
85109.26 446802.559998 17.559998999999998 2
85109.03 446802.400002 17.16 2
85108.8 446802.239998 16.74 2
85108.57 446802.080002 16.419999999999998 2
85108.34 446801.93 16.02 2
85108.1 446801.75 15.729999999999999 2
85107.81 446801.940002 8.139999999999999 3
85107.68 446801.93 6.3999999999999995 3
85107.83 446802.150002 4.319999999999999 4
85107.97 446802.379997 2.17 0
85107.71 446802.169998 2.1599999999999997 0
85107.48 446802.019997 1.72 0
85107.52 446802.089996 1.06 0
85128.360001 446817.739998 20.040001 1
85128.09 446817.529999 20.18 1
85127.83 446817.309998 20.23 1
85127.57 446817.099998 20.32 1
85127.27 446816.870003 20.43 1
85126.99 446816.639999 20.57 1
85126.719999 446816.43 20.639999 1
85126.440001 446816.209999 20.700001 1
85126.17 446815.989998 20.82 1
85125.92 446815.779999 20.889999 1
85125.639999 446815.559998 21.0 1
85125.360001 446815.339996 21.099999999999998 1
85125.07 446815.110001 21.169999999999998 1
85124.809999 446814.900002 21.299999 1
85124.52 446814.669998 21.360001 1
85124.26 446814.459999 21.49 1
85124.0 446814.25 21.549999 1
85123.74 446814.040001 21.599999999999998 1
85123.469999 446813.830002 21.559998999999998 1
85123.209999 446813.629997 21.52 1
85122.950001 446813.43 21.52 1
85122.68 446813.220001 21.52 1
85122.43 446813.019997 21.509999999999998 1
85122.18 446812.82 21.5 1
85121.92 446812.620003 21.5 1
85121.65 446812.410004 21.49 1
85121.370001 446812.190002 21.49 1
85121.129999 446812.0 21.49 1
85120.85 446811.779999 21.49 1
85120.610001 446811.589996 21.5 1
85120.35 446811.389999 21.49 1
85120.1 446811.199997 21.49 1
85119.73 446810.849998 22.43 7
85119.82 446810.980003 21.5 1
85119.459999 446810.650002 22.4 7
85119.200001 446810.449997 22.41 7
85118.940001 446810.239998 22.41 7
85118.76 446810.150002 21.58 1
85118.530001 446809.970001 21.48 1
85118.27 446809.760002 21.48 1
85118.0 446809.550003 21.5 1
85117.690001 446809.290001 21.83 1
85117.440001 446809.089996 21.91 8
85117.77 446809.529999 18.419999999999998 0
85117.16 446808.879997 21.870001 8
85116.959999 446808.739998 21.48 8
85116.700001 446808.540001 21.48 1
85116.450001 446808.339996 21.49 1
85116.18 446808.129997 21.48 1
85115.91 446807.919998 21.469998999999998 1
85115.65 446807.720001 21.469998999999998 1
85115.38 446807.510002 21.48 1
85115.13 446807.309998 21.469998999999998 1
85114.86 446807.080002 21.790001 1
85114.55 446806.800003 22.419999999999998 1
85114.23 446806.519997 23.030001 1
85113.9 446806.230003 23.620001 1
85113.61 446805.980003 24.129998999999998 1
85113.29 446805.699997 24.620001 1
85113.08 446805.550003 24.259999999999998 2
85112.86 446805.400002 23.870001 2
85112.65 446805.260002 23.469998999999998 2
85112.41 446805.089996 23.09 2
85112.17 446804.919998 22.74 2
85111.95 446804.769997 22.360001 2
85111.72 446804.610001 21.98 2
85111.49 446804.449997 21.610001 2
85111.27 446804.300003 21.209999 2
85111.05 446804.139999 20.870001 2
85110.82 446803.989998 20.440001 2
85110.57 446803.809998 20.09 2
85110.35 446803.660004 19.66 2
85110.11 446803.489998 19.290001 2
85109.89 446803.339996 18.9 2
85109.66 446803.18 18.52 2
85109.44 446803.029999 18.169999999999998 2
85109.19 446802.860001 17.780001 2
85108.96 446802.690002 17.4 2
85108.72 446802.519997 17.110001 2
85108.49 446802.370003 16.610001 2
85108.25 446802.199997 16.259999999999998 2
85108.04 446802.059998 15.77 2
85107.78 446801.860001 15.739999999999998 2
85107.9 446802.040001 14.069999999999999 6
85107.76 446802.25 8.17 3
85107.51 446802.059998 8.129999999999999 3
85107.63 446802.480003 2.17 0
85107.38 446802.279999 2.15 0
85128.27 446817.989998 20.459999 1
85128.01 446817.790001 20.49 1
85127.709999 446817.550003 20.610001 1
85127.459999 446817.349998 20.66 1
85127.190001 446817.129997 20.74 1
85126.940001 446816.93 20.82 1
85126.639999 446816.690002 20.959999 1
85126.360001 446816.470001 21.030001 1
85126.09 446816.25 21.129998999999998 1
85125.809999 446816.019997 21.23 1
85125.540001 446815.809998 21.32 1
85125.280001 446815.599998 21.419999999999998 1
85125.01 446815.379997 21.530001 1
85124.74 446815.160004 21.59 1
85124.459999 446814.949997 21.58 1
85124.209999 446814.760002 21.530001 1
85123.93 446814.540001 21.52 1
85123.690001 446814.349998 21.530001 1
85123.42 446814.139999 21.530001 1
85123.18 446813.949997 21.530001 1
85122.9 446813.739998 21.52 1
85122.639999 446813.529999 21.52 1
85122.379999 446813.32 21.52 1
85122.110001 446813.120003 21.509999999999998 1
85121.85 446812.910004 21.5 1
85121.6 446812.720001 21.5 1
85121.35 446812.519997 21.5 1
85121.08 446812.309998 21.509999999999998 1
85120.809999 446812.089996 21.5 1
85120.559999 446811.900002 21.509999999999998 1
85120.280001 446811.68 21.509999999999998 1
85120.030001 446811.489998 21.49 1
85119.77 446811.279999 21.5 1
85119.440001 446810.970001 22.389999 7
85119.16 446810.75 22.41 7
85118.9 446810.550003 22.389999 7
85118.639999 446810.349998 22.4 7
85118.459999 446810.260002 21.49 1
85118.200001 446810.059998 21.49 1
85117.950001 446809.860001 21.48 1
85117.690001 446809.650002 21.540001 1
85117.389999 446809.400002 21.879998999999998 0
85117.120001 446809.190002 21.879998999999998 8
85116.9 446809.029999 21.620001 8
85116.629999 446808.830002 21.49 1
85116.389999 446808.639999 21.49 1
85116.120001 446808.43 21.49 1
85115.88 446808.239998 21.48 1
85115.6 446808.019997 21.48 1
85115.34 446807.809998 21.48 1
85115.08 446807.610001 21.5 1
85114.82 446807.400002 21.52 1
85114.51 446807.139999 22.08 1
85114.22 446806.879997 22.620001 1
85113.91 446806.599998 23.209999 1
85113.59 446806.32 23.799999 1
85113.26 446806.029999 24.41 1
85113.01 446805.830002 24.509999999999998 2
85112.78 446805.669998 24.07 2
85112.57 446805.519997 23.719998999999998 2
85112.34 446805.370003 23.379998999999998 2
85112.12 446805.220001 22.99 2
85111.88 446805.050003 22.599999999999998 2
85111.64 446804.879997 22.24 2
85111.42 446804.730003 21.83 2
85111.18 446804.559998 21.49 2
85110.96 446804.410004 21.07 2
85110.75 446804.260002 20.73 2
85110.52 446804.099998 20.379998999999998 2
85110.28 446803.940002 19.969998999999998 2
85110.03 446803.769997 19.559998999999998 2
85109.82 446803.620003 19.15 2
85109.57 446803.449997 18.790001 2
85109.35 446803.300003 18.41 2
85109.13 446803.139999 18.009999999999998 2
85108.9 446802.980003 17.709999 2
85108.66 446802.809998 17.290001 2
85108.42 446802.650002 16.84 2
85108.18 446802.480003 16.5 2
85107.95 446802.32 16.099999999999998 2
85107.72 446802.160004 15.68 2
85107.59 446802.160004 13.979999999999999 6
85107.47 446802.370003 8.129999999999999 3
85107.44 446802.550003 4.359999999999999 4
85107.33 446802.580002 2.19 0
85107.06 446802.379997 1.99 0
85107.12 446802.489998 0.98 0
85128.17 446818.339996 20.849999999999998 1
85127.879999 446818.099998 20.969998999999998 1
85127.6 446817.879997 21.059998999999998 1
85127.33 446817.660004 21.129998999999998 1
85127.049999 446817.440002 21.209999 1
85126.77 446817.199997 21.440001 1
85126.52 446817.010002 21.440001 1
85126.25 446816.790001 21.52 1
85125.969999 446816.57 21.58 1
85125.690001 446816.349998 21.59 1
85125.450001 446816.169998 21.540001 1
85125.17 446815.949997 21.52 1
85124.92 446815.760002 21.52 1
85124.67 446815.559998 21.52 1
85124.42 446815.360001 21.52 1
85124.139999 446815.139999 21.52 1
85123.870001 446814.93 21.530001 1
85123.610001 446814.730003 21.530001 1
85123.34 446814.519997 21.530001 1
85123.08 446814.32 21.52 1
85122.84 446814.129997 21.52 1
85122.58 446813.919998 21.52 1
85122.309999 446813.709999 21.52 1
85122.030001 446813.5 21.52 1
85121.780001 446813.300003 21.509999999999998 1
85121.51 446813.080002 21.5 1
85121.26 446812.889999 21.5 1
85121.0 446812.690002 21.5 1
85120.76 446812.5 21.5 1
85120.48 446812.279999 21.52 1
85120.209999 446812.07 21.509999999999998 1
85119.950001 446811.870003 21.5 1
85119.68 446811.660004 21.509999999999998 1
85119.42 446811.449997 21.5 1
85119.09 446811.150002 22.4 7
85118.84 446810.949997 22.41 7
85118.92 446811.050003 21.610001 1
85118.57 446810.730003 22.459999 7
85118.66 446810.860001 21.5 1
85118.379999 446810.639999 21.49 1
85118.139999 446810.449997 21.49 1
85117.860001 446810.230003 21.49 1
85117.610001 446810.029999 21.509999999999998 1
85117.32 446809.790001 21.83 1
85117.07 446809.589996 21.9 8
85116.799999 446809.379997 21.83 8
85116.559999 446809.220001 21.509999999999998 8
85116.309999 446809.019997 21.49 1
85116.040001 446808.809998 21.49 1
85115.78 446808.599998 21.49 1
85115.54 446808.410004 21.49 1
85115.28 446808.209999 21.49 1
85115.01 446808.010002 21.48 1
85114.74 446807.790001 21.48 1
85114.49 446807.589996 21.559998999999998 1
85114.15 446807.290001 22.24 1
85113.86 446807.029999 22.799999 1
85113.55 446806.760002 23.370001 1
85113.26 446806.5 23.889999 1
85112.93 446806.209999 24.559998999999998 0
85112.68 446806.019997 24.389999 2
85112.46 446805.870003 24.02 2
85112.22 446805.699997 23.66 2
85112.0 446805.550003 23.280001 2
85111.78 446805.400002 22.91 2
85111.56 446805.25 22.49 2
85111.33 446805.089996 22.139999 2
85111.09 446804.919998 21.73 2
85110.87 446804.760002 21.389999 2
85110.63 446804.599998 20.98 2
85110.41 446804.449997 20.559998999999998 2
85110.18 446804.290001 20.24 2
85109.97 446804.139999 19.83 2
85109.72 446803.970001 19.469998999999998 2
85109.48 446803.809998 19.059998999999998 2
85109.25 446803.639999 18.709999 2
85109.02 446803.480003 18.290001 2
85108.79 446803.32 17.969998999999998 2
85108.57 446803.169998 17.549999 2
85108.34 446803.010002 17.16 2
85108.1 446802.839996 16.799999 2
85107.85 446802.669998 16.4 2
85107.63 446802.519997 15.989999999999998 2
85107.37 446802.330002 15.739999999999998 2
85107.48 446802.5 14.149999999999999 6
85107.14 446802.559998 8.15 3
85106.97 446802.519997 6.41 3
85107.11 446802.739998 4.33 4
85107.26 446802.980003 2.17 0
85106.92 446802.660004 3.04 0
85106.98 446802.760002 2.1599999999999997 0
85106.77 446802.639999 1.3499999999999999 0
85127.719999 446818.419998 21.43 1
85127.450001 446818.209999 21.540001 1
85127.17 446817.980003 21.59 0
85126.9 446817.769997 21.610001 1
85126.639999 446817.57 21.559998999999998 1
85126.379999 446817.370003 21.509999999999998 1
85126.120001 446817.169998 21.52 1
85125.870001 446816.970001 21.52 1
85125.610001 446816.769997 21.52 1
85125.34 446816.559998 21.52 1
85125.059999 446816.339996 21.52 1
85124.82 446816.150002 21.52 1
85124.530001 446815.93 21.52 1
85124.290001 446815.730003 21.52 1
85124.030001 446815.529999 21.52 1
85123.780001 446815.339996 21.530001 1
85123.5 446815.120003 21.530001 1
85123.23 446814.910004 21.530001 1
85122.98 446814.709999 21.52 1
85122.709999 446814.5 21.530001 1
85122.450001 446814.290001 21.530001 1
85122.200001 446814.099998 21.52 1
85121.940001 446813.900002 21.530001 1
85121.68 446813.690002 21.509999999999998 1
85121.4 446813.470001 21.509999999999998 1
85121.15 446813.279999 21.49 1
85120.870001 446813.059998 21.5 1
85120.620001 446812.870003 21.509999999999998 1
85120.370001 446812.669998 21.509999999999998 1
85120.120001 446812.470001 21.509999999999998 1
85119.84 446812.260002 21.5 1
85119.58 446812.050003 21.5 1
85119.32 446811.849998 21.5 1
85119.049999 446811.639999 21.49 1
85118.799999 446811.440002 21.49 1
85118.549999 446811.25 21.469998999999998 1
85118.290001 446811.040001 21.49 1
85118.030001 446810.830002 21.5 1
85117.75 446810.620003 21.49 1
85117.5 446810.419998 21.49 1
85117.219999 446810.199997 21.509999999999998 1
85116.959999 446809.989998 21.700001 1
85116.68 446809.760002 21.91 8
85117.01 446810.209999 18.4 0
85116.440001 446809.580002 21.849999999999998 8
85116.200001 446809.400002 21.5 8
85115.93 446809.199997 21.49 1
85115.67 446808.989998 21.49 1
85115.19 446808.489998 23.889999 0
85115.41 446808.779999 21.509999999999998 1
85115.14 446808.57 21.59 1
85114.9 446808.389999 21.540001 1
85114.65 446808.190002 21.469998999999998 1
85114.38 446807.989998 21.48 1
85114.08 446807.730003 21.809998999999998 1
85113.78 446807.470001 22.4 1
85113.45 446807.169998 23.040001 1
85113.16 446806.910004 23.58 1
85112.85 446806.639999 24.16 1
85112.6 446806.43 24.34 0
85112.33 446806.230003 24.209999 0
85112.09 446806.059998 23.919999999999998 0
85111.87 446805.910004 23.540001 2
85111.64 446805.75 23.16 2
85111.42 446805.599998 22.74 2
85111.2 446805.440002 22.43 2
85110.97 446805.290001 22.030001 2
85110.74 446805.120003 21.65 2
85110.49 446804.959999 21.23 2
85110.28 446804.800003 20.9 2
85110.03 446804.629997 20.52 2
85109.82 446804.489998 20.08 2
85109.59 446804.32 19.75 2
85109.37 446804.18 19.33 2
85109.12 446804.0 19.040001 2
85108.89 446803.839996 18.59 2
85108.66 446803.68 18.219998999999998 2
85108.42 446803.519997 17.809998999999998 2
85108.19 446803.360001 17.43 2
85107.98 446803.209999 17.040001 2
85107.73 446803.040001 16.759999999999998 2
85107.5 446802.870003 16.349999999999998 2
85107.26 446802.720001 15.78 2
85107.01 446802.529999 15.729999999999999 2
85107.13 446802.709999 14.09 6
85106.87 446802.709999 10.209999999999999 4
85106.76 446802.760002 7.869999999999999 3
85106.66 446802.800003 5.609999999999999 4
85106.69 446802.849998 5.21 4
85106.57 446802.889999 2.6999999999999997 0
85127.08 446818.379997 21.540001 1
85126.84 446818.18 21.530001 1
85126.559999 446817.970001 21.52 1
85126.290001 446817.75 21.530001 1
85126.030001 446817.550003 21.52 1
85125.76 446817.339996 21.509999999999998 1
85125.5 446817.139999 21.52 1
85125.25 446816.940002 21.52 1
85124.99 446816.739998 21.509999999999998 1
85124.73 446816.529999 21.530001 1
85124.440001 446816.309998 21.530001 1
85124.200001 446816.120003 21.52 1
85123.92 446815.900002 21.52 1
85123.67 446815.699997 21.52 1
85123.41 446815.5 21.52 1
85123.16 446815.309998 21.530001 1
85122.879999 446815.089996 21.530001 1
85122.620001 446814.879997 21.52 1
85122.360001 446814.68 21.509999999999998 1
85122.09 446814.470001 21.509999999999998 1
85121.83 446814.269997 21.509999999999998 1
85121.58 446814.07 21.509999999999998 1
85121.33 446813.870003 21.509999999999998 1
85121.059999 446813.660004 21.509999999999998 1
85120.780001 446813.449997 21.49 1
85120.540001 446813.25 21.49 1
85120.26 446813.040001 21.49 1
85120.01 446812.839996 21.509999999999998 1
85119.75 446812.639999 21.5 1
85119.51 446812.449997 21.5 1
85119.23 446812.230003 21.49 1
85118.959999 446812.019997 21.5 1
85118.709999 446811.82 21.49 1
85118.440001 446811.610001 21.5 1
85118.18 446811.410004 21.49 1
85117.93 446811.220001 21.49 1
85117.68 446811.019997 21.48 1
85117.41 446810.809998 21.49 1
85117.129999 446810.589996 21.5 1
85116.889999 446810.400002 21.5 1
85116.58 446810.139999 21.849999999999998 1
85116.33 446809.940002 21.889999 1
85116.08 446809.75 21.790001 0
85115.86 446809.589996 21.48 1
85115.58 446809.379997 21.459999 1
85115.09 446808.849998 24.0 0
85115.32 446809.169998 21.48 1
85115.05 446808.959999 21.540001 1
85114.79 446808.760002 21.509999999999998 1
85114.54 446808.559998 21.48 1
85114.29 446808.370003 21.49 1
85114.04 446808.169998 21.469998999999998 1
85113.73 446807.900002 21.950001 1
85113.39 446807.599998 22.610001 1
85113.1 446807.349998 23.16 1
85112.78 446807.059998 23.759999999999998 1
85112.52 446806.849998 23.9 1
85112.28 446806.669998 23.75 1
85112.04 446806.489998 23.68 1
85111.77 446806.279999 23.610001 1
85111.52 446806.089996 23.440001 1
85111.29 446805.93 23.110001 2
85111.07 446805.779999 22.66 2
85110.84 446805.620003 22.299999 2
85110.63 446805.470001 21.950001 2
85110.4 446805.32 21.559998999999998 2
85110.16 446805.150002 21.200001 2
85109.92 446804.980003 20.790001 2
85109.7 446804.830002 20.370001 2
85109.46 446804.660004 20.0 2
85109.24 446804.519997 19.620001 2
85109.01 446804.349998 19.290001 2
85108.79 446804.199997 18.889999 2
85108.55 446804.040001 18.450001 2
85108.31 446803.870003 18.07 2
85108.07 446803.699997 17.75 2
85107.84 446803.540001 17.349999999999998 2
85107.6 446803.370003 17.030001 2
85107.39 446803.230003 16.59 2
85107.16 446803.07 16.209999 2
85106.93 446802.919998 15.7 2
85106.77 446802.879997 13.979999999999999 6
85106.51 446802.900002 9.98 4
85106.43 446802.980003 7.4399999999999995 3
85106.35 446803.050003 4.77 4
85106.27 446803.139999 2.13 0
85126.77 446818.510002 21.549999 1
85126.51 446818.300003 21.52 1
85126.27 446818.110001 21.52 1
85125.98 446817.889999 21.530001 1
85125.719999 446817.68 21.52 1
85125.459999 446817.480003 21.52 1
85125.190001 446817.269997 21.530001 1
85124.93 446817.07 21.52 1
85124.68 446816.870003 21.52 1
85124.42 446816.669998 21.52 1
85124.15 446816.459999 21.52 1
85123.870001 446816.239998 21.52 1
85123.629999 446816.050003 21.52 1
85123.35 446815.830002 21.530001 1
85123.1 446815.629997 21.540001 1
85122.85 446815.440002 21.52 1
85122.59 446815.239998 21.530001 1
85122.309999 446815.019997 21.530001 1
85122.049999 446814.809998 21.509999999999998 1
85121.790001 446814.610001 21.52 1
85121.52 446814.400002 21.509999999999998 1
85121.27 446814.199997 21.52 1
85121.02 446814.010002 21.52 1
85120.76 446813.800003 21.52 1
85120.49 446813.589996 21.49 1
85120.209999 446813.379997 21.5 1
85119.969999 446813.18 21.49 1
85119.690001 446812.959999 21.5 1
85119.450001 446812.769997 21.5 1
85119.190001 446812.57 21.5 1
85118.940001 446812.379997 21.49 1
85118.66 446812.160004 21.5 1
85118.389999 446811.949997 21.5 1
85118.139999 446811.75 21.49 1
85117.870001 446811.540001 21.5 1
85117.610001 446811.339996 21.48 1
85117.370001 446811.150002 21.5 1
85117.110001 446810.949997 21.49 1
85116.85 446810.739998 21.49 1
85116.57 446810.519997 21.48 1
85116.32 446810.330002 21.48 1
85116.040001 446810.110001 21.469998999999998 0
85115.8 446809.919998 21.48 1
85115.54 446809.720001 21.48 1
85115.3 446809.529999 21.48 1
85115.02 446809.309998 21.469998999999998 1
85114.75 446809.099998 21.469998999999998 1
85114.49 446808.900002 21.469998999999998 1
85114.23 446808.690002 21.469998999999998 1
85113.97 446808.489998 21.48 1
85113.72 446808.290001 21.530001 1
85113.42 446808.029999 22.099999999999998 1
85113.1 446807.739998 22.73 1
85112.77 446807.449997 23.360001 1
85112.51 446807.239998 23.530001 1
85112.24 446807.029999 23.4 1
85112.01 446806.860001 23.290001 1
85111.76 446806.669998 23.169999999999998 1
85111.52 446806.489998 23.139999 1
85111.25 446806.279999 23.09 1
85111.0 446806.089996 22.940001 0
85110.77 446805.93 22.620001 2
85110.54 446805.769997 22.190001 2
85110.31 446805.610001 21.809998999999998 2
85110.1 446805.459999 21.469998999999998 2
85109.87 446805.300003 21.07 2
85109.65 446805.150002 20.629998999999998 2
85109.39 446804.970001 20.299999 2
85109.18 446804.82 19.940001 2
85108.93 446804.660004 19.459999 2
85108.71 446804.5 19.15 2
85108.48 446804.339996 18.74 2
85108.26 446804.190002 18.370001 2
85108.01 446804.019997 18.0 2
85107.78 446803.860001 17.599999999999998 2
85107.55 446803.699997 17.209999 2
85107.31 446803.529999 16.860001 2
85107.08 446803.370003 16.450001 2
85106.86 446803.220001 16.059998999999998 2
85106.62 446803.050003 15.7 2
85106.27 446803.120003 9.28 4
85106.18 446803.209999 6.4399999999999995 3
85106.1 446803.279999 3.88 4
85105.97 446803.300003 1.71 0
85126.200001 446818.459999 21.530001 1
85125.950001 446818.269997 21.530001 1
85125.690001 446818.059998 21.530001 1
85125.42 446817.849998 21.52 1
85125.139999 446817.639999 21.52 1
85124.889999 446817.440002 21.52 1
85124.610001 446817.220001 21.530001 1
85124.360001 446817.029999 21.530001 1
85124.1 446816.82 21.540001 1
85123.860001 446816.629997 21.540001 1
85123.58 446816.410004 21.530001 1
85123.309999 446816.199997 21.540001 1
85123.049999 446816.0 21.549999 1
85122.780001 446815.790001 21.52 1
85122.52 446815.580002 21.52 1
85122.280001 446815.389999 21.52 1
85122.02 446815.190002 21.52 1
85121.76 446814.980003 21.52 1
85121.469999 446814.769997 21.509999999999998 1
85121.23 446814.57 21.509999999999998 1
85120.950001 446814.349998 21.509999999999998 1
85120.700001 446814.160004 21.509999999999998 1
85120.440001 446813.959999 21.5 1
85120.200001 446813.769997 21.5 1
85119.92 446813.550003 21.49 1
85119.65 446813.339996 21.5 1
85119.389999 446813.139999 21.5 1
85119.129999 446812.93 21.5 1
85118.870001 446812.720001 21.49 1
85118.620001 446812.529999 21.5 1
85118.360001 446812.330002 21.49 1
85118.1 446812.120003 21.49 1
85117.82 446811.910004 21.5 1
85117.58 446811.720001 21.49 1
85117.299999 446811.489998 21.5 1
85117.049999 446811.300003 21.5 1
85116.790001 446811.099998 21.49 1
85116.549999 446810.910004 21.49 1
85116.27 446810.690002 21.5 1
85116.0 446810.480003 21.5 1
85115.75 446810.279999 21.49 1
85115.48 446810.080002 21.469998999999998 1
85115.22 446809.870003 21.48 1
85114.98 446809.68 21.459999 1
85114.72 446809.480003 21.469998999999998 1
85114.45 446809.269997 21.48 1
85114.18 446809.059998 21.469998999999998 1
85113.93 446808.870003 21.48 1
85113.66 446808.650002 21.49 1
85113.39 446808.43 21.669999999999998 1
85113.09 446808.160004 22.259999999999998 1
85112.78 446807.879997 22.919999999999998 1
85112.49 446807.639999 23.15 1
85112.24 446807.449997 23.02 1
85111.99 446807.269997 22.879998999999998 1
85111.74 446807.07 22.809998999999998 1
85111.49 446806.879997 22.709999 1
85111.25 446806.699997 22.629998999999998 1
85111.0 446806.510002 22.549999 1
85110.74 446806.309998 22.5 1
85110.47 446806.110001 22.370001 1
85110.25 446805.940002 22.139999 0
85110.01 446805.779999 21.690001 2
85109.79 446805.629997 21.349999999999998 2
85109.56 446805.470001 20.99 2
85109.34 446805.32 20.65 2
85109.1 446805.150002 20.18 2
85108.86 446804.980003 19.82 2
85108.64 446804.830002 19.450001 2
85108.4 446804.660004 19.07 2
85108.17 446804.510002 18.639999 2
85107.95 446804.349998 18.33 2
85107.72 446804.199997 17.919999999999998 2
85107.49 446804.029999 17.5 2
85107.23 446803.860001 17.120001 2
85107.01 446803.699997 16.77 2
85106.76 446803.529999 16.370001 2
85106.55 446803.389999 15.91 2
85106.3 446803.199997 15.729999999999999 2
85106.41 446803.370003 14.16 6
85106.0 446803.349998 8.53 4
85105.88 446803.389999 6.26 3
85105.94 446803.470001 5.47 4
85105.87 446803.580002 2.42 0
85105.71 446803.559998 0.6799999999999999 0
85125.610001 446818.379997 21.530001 1
85125.360001 446818.190002 21.540001 1
85125.1 446817.989998 21.530001 1
85124.84 446817.779999 21.52 1
85124.559999 446817.559998 21.52 1
85124.309999 446817.360001 21.52 1
85124.030001 446817.150002 21.52 1
85123.780001 446816.949997 21.540001 1
85123.52 446816.75 21.530001 1
85123.27 446816.550003 21.540001 1
85122.99 446816.330002 21.549999 1
85122.719999 446816.120003 21.540001 1
85122.459999 446815.919998 21.540001 1
85122.200001 446815.720001 21.530001 1
85121.940001 446815.510002 21.530001 1
85121.700001 446815.32 21.52 1
85121.440001 446815.120003 21.52 1
85121.17 446814.910004 21.52 1
85120.889999 446814.690002 21.509999999999998 1
85120.639999 446814.5 21.509999999999998 1
85120.370001 446814.279999 21.5 1
85120.120001 446814.089996 21.49 1
85119.860001 446813.889999 21.49 1
85119.620001 446813.699997 21.5 1
85119.34 446813.480003 21.48 1
85119.07 446813.269997 21.5 1
85118.809999 446813.059998 21.48 1
85118.549999 446812.849998 21.49 1
85118.290001 446812.650002 21.49 1
85118.040001 446812.459999 21.469998999999998 1
85117.780001 446812.260002 21.49 1
85117.52 446812.050003 21.49 1
85117.24 446811.830002 21.509999999999998 1
85116.99 446811.639999 21.509999999999998 1
85116.709999 446811.419998 21.5 1
85116.469999 446811.230003 21.5 1
85116.209999 446811.029999 21.509999999999998 1
85115.97 446810.830002 21.509999999999998 1
85115.69 446810.620003 21.5 1
85115.43 446810.419998 21.48 1
85115.17 446810.209999 21.469998999999998 1
85114.9 446810.0 21.469998999999998 1
85114.65 446809.800003 21.459999 1
85114.4 446809.610001 21.48 1
85114.14 446809.400002 21.52 1
85113.87 446809.190002 21.559998999999998 1
85113.6 446808.980003 21.509999999999998 1
85113.36 446808.800003 21.379998999999998 0
85113.04 446808.519997 21.889999 1
85112.74 446808.25 22.57 1
85112.46 446808.019997 22.780001 1
85112.23 446807.849998 22.639999 1
85111.96 446807.650002 22.559998999999998 1
85111.71 446807.449997 22.43 1
85111.46 446807.260002 22.360001 1
85111.2 446807.07 22.25 1
85110.95 446806.870003 22.190001 1
85110.71 446806.690002 22.099999999999998 1
85110.46 446806.5 22.030001 1
85110.21 446806.309998 21.91 1
85109.94 446806.099998 21.84 1
85109.71 446805.93 21.639999 1
85109.47 446805.769997 21.23 2
85109.25 446805.610001 20.889999 2
85109.02 446805.449997 20.5 2
85108.8 446805.300003 20.139999 2
85108.56 446805.129997 19.74 2
85108.32 446804.970001 19.32 2
85108.1 446804.809998 18.940001 2
85107.86 446804.650002 18.540001 2
85107.41 446804.339996 17.77 2
85107.18 446804.18 17.41 2
85106.94 446804.010002 17.040001 2
85106.7 446803.849998 16.52 2
85106.48 446803.699997 16.18 2
85106.23 446803.529999 15.7 2
85106.1 446803.519997 14.04 6
85105.71 446803.529999 8.11 3
85105.79 446803.669998 6.859999999999999 3
85105.83 446803.949997 2.1599999999999997 0
85105.57 446803.75 2.11 0
85125.299999 446818.5 21.52 1
85125.049999 446818.290001 21.530001 1
85124.799999 446818.099998 21.540001 1
85124.540001 446817.889999 21.530001 1
85124.27 446817.68 21.530001 1
85123.99 446817.459999 21.52 1
85123.74 446817.269997 21.540001 1
85123.459999 446817.050003 21.540001 1
85123.219999 446816.860001 21.540001 1
85122.950001 446816.650002 21.540001 1
85122.709999 446816.459999 21.540001 1
85122.43 446816.239998 21.540001 1
85122.16 446816.029999 21.52 1
85121.9 446815.830002 21.530001 1
85121.629999 446815.620003 21.52 1
85121.379999 446815.419998 21.509999999999998 1
85121.129999 446815.230003 21.52 1
85120.870001 446815.029999 21.509999999999998 1
85120.610001 446814.82 21.509999999999998 1
85120.33 446814.599998 21.509999999999998 1
85120.08 446814.410004 21.5 1
85119.799999 446814.190002 21.49 1
85119.559999 446814.0 21.49 1
85119.299999 446813.800003 21.48 1
85119.049999 446813.599998 21.49 1
85118.77 446813.389999 21.49 1
85118.51 446813.18 21.48 1
85118.25 446812.970001 21.48 1
85117.98 446812.760002 21.5 1
85117.719999 446812.559998 21.49 1
85117.48 446812.370003 21.48 1
85117.219999 446812.169998 21.48 1
85116.959999 446811.959999 21.49 1
85116.68 446811.739998 21.49 1
85116.43 446811.550003 21.49 1
85116.15 446811.330002 21.5 1
85115.9 446811.139999 21.5 1
85115.65 446810.940002 21.5 1
85115.4 446810.75 21.5 1
85115.12 446810.529999 21.509999999999998 1
85114.85 446810.309998 21.559998999999998 1
85114.6 446810.110001 21.549999 9
85114.34 446809.910004 21.48 9
85114.09 446809.730003 21.360001 9
85113.85 446809.550003 21.259999999999998 9
85113.61 446809.360001 21.15 9
85113.35 446809.169998 21.030001 9
85113.03 446808.889999 21.559998999999998 1
85112.73 446808.620003 22.18 1
85112.43 446808.370003 22.43 1
85112.2 446808.190002 22.309998999999998 1
85111.95 446808.010002 22.169999999999998 1
85111.71 446807.830002 22.110001 1
85111.44 446807.620003 22.02 1
85111.19 446807.419998 21.940001 1
85110.94 446807.230003 21.849999999999998 1
85110.68 446807.040001 21.75 1
85110.43 446806.849998 21.66 1
85110.19 446806.669998 21.57 1
85109.95 446806.480003 21.49 1
85109.69 446806.279999 21.389999 1
85109.42 446806.07 21.299999 1
85109.19 446805.900002 21.139999 0
85108.94 446805.730003 20.759999999999998 2
85108.73 446805.589996 20.32 2
85108.5 446805.419998 19.969998999999998 2
85108.28 446805.269997 19.620001 2
85108.03 446805.099998 19.209999 2
85107.8 446804.940002 18.799999 2
85107.57 446804.779999 18.419999999999998 2
85107.34 446804.620003 18.02 2
85107.1 446804.459999 17.65 2
85106.88 446804.300003 17.299999 2
85106.65 446804.139999 16.9 2
85106.41 446803.980003 16.48 2
85106.16 446803.800003 16.110001 2
85105.94 446803.660004 15.7 2
85105.67 446803.849998 8.139999999999999 3
85105.52 446803.82 6.55 3
85105.67 446804.059998 4.35 4
85105.53 446804.059998 2.15 0
85105.3 446803.919998 1.53 0
85124.75 446818.389999 21.52 1
85124.49 446818.190002 21.52 1
85124.25 446818.0 21.52 1
85123.99 446817.800003 21.52 1
85123.719999 446817.589996 21.52 1
85123.440001 446817.370003 21.540001 1
85123.190001 446817.169998 21.530001 1
85122.91 446816.949997 21.540001 1
85122.66 446816.760002 21.540001 1
85122.4 446816.550003 21.540001 1
85122.16 446816.360001 21.540001 1
85121.879999 446816.150002 21.52 1
85121.610001 446815.93 21.540001 1
85121.360001 446815.739998 21.52 1
85121.08 446815.519997 21.52 1
85120.83 446815.32 21.509999999999998 1
85120.58 446815.129997 21.509999999999998 1
85120.32 446814.93 21.509999999999998 1
85120.059999 446814.720001 21.5 1
85119.780001 446814.5 21.5 1
85119.540001 446814.309998 21.49 1
85119.26 446814.099998 21.48 1
85119.0 446813.900002 21.5 1
85118.75 446813.690002 21.5 1
85118.5 446813.5 21.49 1
85118.219999 446813.290001 21.49 1
85117.959999 446813.080002 21.49 1
85117.700001 446812.879997 21.48 1
85117.440001 446812.669998 21.5 1
85117.17 446812.459999 21.49 1
85116.93 446812.269997 21.49 1
85116.67 446812.07 21.49 1
85116.4 446811.860001 21.5 1
85116.129999 446811.650002 21.48 1
85115.88 446811.449997 21.530001 1
85115.6 446811.230003 21.57 1
85115.36 446811.040001 21.540001 1
85115.1 446810.839996 21.49 1
85114.87 446810.669998 21.33 9
85114.6 446810.459999 21.209999 9
85114.35 446810.269997 21.09 9
85114.1 446810.080002 21.040001 9
85113.84 446809.889999 20.91 9
85113.59 446809.699997 20.83 9
85113.36 446809.519997 20.700001 9
85113.06 446809.269997 21.110001 1
85112.74 446808.980003 21.719998999999998 1
85112.43 446808.720001 22.099999999999998 1
85112.2 446808.550003 21.99 1
85111.93 446808.339996 21.889999 1
85111.7 446808.160004 21.799999 1
85111.45 446807.970001 21.690001 1
85111.21 446807.790001 21.620001 1
85110.94 446807.589996 21.48 1
85110.68 446807.389999 21.41 1
85110.43 446807.190002 21.379998999999998 1
85110.18 446807.0 21.25 1
85109.93 446806.82 21.139999 1
85109.7 446806.639999 21.040001 1
85109.45 446806.449997 20.93 1
85109.18 446806.25 20.860001 1
85108.91 446806.040001 20.799999 0
85108.68 446805.860001 20.639999 0
85108.43 446805.690002 20.23 0
85108.22 446805.540001 19.870001 2
85107.99 446805.389999 19.459999 2
85107.78 446805.239998 19.099999999999998 2
85107.52 446805.059998 18.690001 2
85107.29 446804.900002 18.280001 2
85107.06 446804.739998 17.889999 2
85106.82 446804.580002 17.5 2
85106.59 446804.419998 17.139999 2
85106.38 446804.269997 16.719998999999998 2
85106.14 446804.110001 16.379998999999998 2
85105.91 446803.940002 15.959999999999999 2
85105.64 446803.75 15.69 2
85105.75 446803.919998 14.12 6
85105.63 446804.150002 8.139999999999999 4
85105.38 446803.949997 8.129999999999999 4
85105.37 446804.150002 4.319999999999999 4
85105.52 446804.379997 2.15 0
85105.26 446804.190002 2.14 0
85105.07 446804.110001 0.73 0
85124.15 446818.339996 21.52 1
85123.91 446818.150002 21.530001 1
85123.65 446817.940002 21.530001 1
85123.4 446817.75 21.530001 1
85123.110001 446817.529999 21.530001 1
85122.85 446817.32 21.540001 1
85122.59 446817.120003 21.530001 1
85122.32 446816.910004 21.530001 1
85122.059999 446816.709999 21.509999999999998 1
85121.82 446816.519997 21.52 1
85121.559999 446816.309998 21.530001 1
85121.290001 446816.099998 21.530001 1
85121.01 446815.879997 21.52 1
85120.76 446815.690002 21.509999999999998 1
85120.49 446815.470001 21.5 1
85120.24 446815.279999 21.5 1
85119.98 446815.080002 21.52 1
85119.74 446814.889999 21.5 1
85119.459999 446814.669998 21.5 1
85119.190001 446814.459999 21.49 1
85118.93 446814.260002 21.49 1
85118.67 446814.050003 21.49 1
85118.41 446813.849998 21.49 1
85118.16 446813.650002 21.49 1
85117.9 446813.449997 21.509999999999998 1
85117.639999 446813.25 21.5 1
85117.360001 446813.029999 21.49 1
85117.110001 446812.830002 21.509999999999998 1
85116.83 446812.610001 21.549999 1
85116.58 446812.410004 21.57 1
85116.33 446812.220001 21.52 1
85116.09 446812.040001 21.41 0
85115.83 446811.839996 21.299999 9
85115.57 446811.650002 21.16 9
85115.32 446811.449997 21.099999999999998 9
85115.07 446811.260002 20.98 9
85114.81 446811.07 20.879998999999998 9
85114.58 446810.889999 20.809998999999998 9
85114.33 446810.699997 20.700001 9
85114.07 446810.5 20.599999999999998 9
85113.81 446810.300003 20.459999 9
85113.56 446810.120003 20.41 9
85113.3 446809.910004 20.290001 9
85113.01 446809.660004 20.759999999999998 1
85112.7 446809.389999 21.349999999999998 1
85112.42 446809.150002 21.700001 1
85112.16 446808.949997 21.58 1
85111.91 446808.760002 21.469998999999998 1
85111.66 446808.57 21.379998999999998 1
85111.4 446808.370003 21.290001 1
85111.15 446808.190002 21.169999999999998 1
85110.91 446808.0 21.09 1
85110.66 446807.809998 21.02 1
85110.4 446807.610001 20.93 1
85110.13 446807.410004 20.84 1
85109.9 446807.230003 20.74 1
85109.63 446807.029999 20.59 1
85109.39 446806.849998 20.509999999999998 1
85109.14 446806.650002 20.43 1
85108.9 446806.470001 20.349999999999998 1
85108.63 446806.260002 20.25 1
85108.37 446806.059998 20.200001 1
85108.13 446805.879997 20.07 1
85107.89 446805.709999 19.75 0
85107.66 446805.550003 19.360001 2
85107.44 446805.400002 18.99 2
85107.21 446805.239998 18.559998999999998 2
85106.98 446805.080002 18.15 2
85106.72 446804.900002 17.809998999999998 2
85106.51 446804.760002 17.389999 2
85106.26 446804.580002 16.969998999999998 2
85106.04 446804.43 16.57 2
85105.8 446804.269997 16.27 2
85105.59 446804.129997 15.77 2
85105.43 446804.089996 14.069999999999999 6
85105.3 446804.309998 8.16 4
85105.03 446804.099998 8.1 4
85105.11 446804.230003 6.85 3
85105.17 446804.529999 2.1599999999999997 0
85104.91 446804.330002 2.12 0
85123.790001 446818.519997 21.530001 1
85123.51 446818.300003 21.530001 1
85123.27 446818.110001 21.52 1
85123.01 446817.900002 21.540001 1
85122.76 446817.709999 21.530001 1
85122.48 446817.489998 21.530001 1
85122.209999 446817.279999 21.509999999999998 1
85121.950001 446817.080002 21.509999999999998 1
85121.690001 446816.870003 21.52 1
85121.42 446816.660004 21.540001 1
85121.18 446816.470001 21.540001 1
85120.92 446816.269997 21.530001 1
85120.65 446816.059998 21.509999999999998 1
85120.379999 446815.849998 21.5 1
85120.129999 446815.650002 21.509999999999998 1
85119.85 446815.43 21.5 1
85119.610001 446815.239998 21.49 1
85119.35 446815.040001 21.5 1
85119.1 446814.849998 21.5 1
85118.82 446814.629997 21.49 1
85118.549999 446814.419998 21.49 1
85118.290001 446814.209999 21.5 1
85118.02 446814.0 21.549999 1
85117.76 446813.800003 21.559998999999998 1
85117.52 446813.610001 21.52 1
85117.27 446813.419998 21.450001 1
85117.02 446813.220001 21.34 9
85116.75 446813.019997 21.200001 9
85116.51 446812.839996 21.099999999999998 9
85116.24 446812.639999 21.02 9
85116.0 446812.449997 20.940001 9
85115.76 446812.269997 20.83 9
85115.52 446812.089996 20.73 9
85115.25 446811.879997 20.629998999999998 9
85114.99 446811.68 20.559998999999998 9
85114.74 446811.489998 20.459999 9
85114.49 446811.300003 20.33 9
85114.24 446811.110001 20.219998999999998 9
85114.0 446810.93 20.15 9
85113.75 446810.739998 20.040001 9
85113.5 446810.550003 19.919999999999998 9
85113.22 446810.339996 19.849999999999998 9
85112.93 446810.080002 20.4 1
85112.59 446809.779999 21.049999 1
85112.33 446809.559998 21.259999999999998 1
85112.09 446809.379997 21.099999999999998 1
85111.85 446809.199997 20.98 1
85111.58 446808.989998 20.93 1
85111.32 446808.800003 20.82 1
85111.07 446808.610001 20.73 1
85110.81 446808.410004 20.669999999999998 1
85110.57 446808.220001 20.530001 1
85110.33 446808.040001 20.450001 1
85110.08 446807.849998 20.349999999999998 1
85109.82 446807.660004 20.24 1
85109.55 446807.440002 20.190001 1
85109.31 446807.260002 20.09 1
85109.05 446807.059998 19.959999 1
85108.81 446806.879997 19.879998999999998 1
85108.55 446806.68 19.83 1
85108.32 446806.510002 19.700001 1
85108.05 446806.300003 19.629998999999998 1
85107.79 446806.099998 19.530001 1
85107.54 446805.910004 19.43 1
85107.29 446805.730003 19.200001 1
85107.06 446805.57 18.849999999999998 2
85106.85 446805.419998 18.419999999999998 2
85106.61 446805.260002 18.059998999999998 2
85106.38 446805.099998 17.639999 2
85106.13 446804.93 17.24 2
85105.91 446804.779999 16.84 2
85105.66 446804.599998 16.469998999999998 2
85105.44 446804.449997 16.049999 2
85105.21 446804.290001 15.7 2
85105.08 446804.279999 14.0 6
85104.92 446804.470001 8.139999999999999 4
85104.76 446804.440002 6.489999999999999 3
85104.91 446804.669998 4.33 4
85105.05 446804.900002 2.21 0
85104.78 446804.68 2.15 0
85104.53 446804.510002 1.8599999999999999 0
85123.18 446818.480003 21.52 1
85122.9 446818.260002 21.530001 1
85122.65 446818.059998 21.530001 1
85122.389999 446817.860001 21.530001 1
85122.139999 446817.669998 21.530001 1
85121.860001 446817.449997 21.509999999999998 1
85121.6 446817.239998 21.5 1
85121.34 446817.040001 21.5 1
85121.07 446816.830002 21.52 1
85120.809999 446816.629997 21.52 1
85120.559999 446816.43 21.52 1
85120.299999 446816.230003 21.509999999999998 1
85120.040001 446816.019997 21.5 1
85119.76 446815.800003 21.509999999999998 1
85119.51 446815.610001 21.52 1
85119.23 446815.389999 21.540001 1
85118.98 446815.190002 21.58 1
85118.73 446814.989998 21.549999 9
85118.48 446814.809998 21.5 9
85118.209999 446814.599998 21.360001 9
85117.969999 446814.419998 21.219998999999998 9
85117.709999 446814.220001 21.16 9
85117.459999 446814.029999 21.059998999999998 9
85117.209999 446813.839996 20.959999 9
85116.969999 446813.660004 20.879998999999998 9
85116.719999 446813.470001 20.759999999999998 9
85116.459999 446813.269997 20.68 9
85116.190001 446813.059998 20.57 9
85115.95 446812.879997 20.509999999999998 9
85115.69 446812.68 20.379998999999998 9
85115.45 446812.5 20.290001 9
85115.2 446812.309998 20.200001 9
85114.96 446812.129997 20.110001 9
85114.7 446811.93 19.98 9
85114.43 446811.720001 19.940001 9
85114.18 446811.529999 19.799999 9
85113.93 446811.339996 19.709999 9
85113.68 446811.150002 19.599999999999998 9
85113.45 446810.980003 19.469998999999998 9
85113.19 446810.779999 19.4 9
85112.88 446810.5 19.98 1
85112.54 446810.199997 20.629998999999998 1
85112.28 446809.989998 20.809998999999998 1
85112.01 446809.790001 20.66 1
85111.78 446809.610001 20.58 1
85111.53 446809.419998 20.48 1
85111.29 446809.239998 20.379998999999998 1
85111.02 446809.040001 20.27 1
85110.76 446808.830002 20.200001 1
85110.51 446808.639999 20.099999999999998 1
85110.25 446808.449997 19.98 1
85110.0 446808.260002 19.91 1
85109.77 446808.07 19.83 1
85109.52 446807.889999 19.709999 1
85109.26 446807.690002 19.65 1
85108.99 446807.480003 19.540001 1
85108.75 446807.309998 19.41 1
85108.48 446807.089996 19.33 1
85108.24 446806.910004 19.24 1
85107.99 446806.720001 19.139999 1
85107.75 446806.540001 19.059998999999998 1
85107.49 446806.339996 18.950001 1
85107.23 446806.139999 18.84 1
85106.97 446805.940002 18.83 1
85106.72 446805.75 18.66 1
85106.48 446805.580002 18.33 2
85106.27 446805.440002 17.93 2
85106.04 446805.279999 17.530001 2
85105.8 446805.120003 17.139999 2
85105.55 446804.949997 16.709999 2
85105.33 446804.790001 16.34 2
85105.08 446804.620003 15.92 2
85104.85 446804.449997 15.68 2
85104.96 446804.620003 14.09 6
85104.57 446804.639999 8.129999999999999 4
85104.48 446804.720001 5.38 4
85104.32 446804.68 3.8099999999999996 4
85104.38 446804.779999 2.86 4
85104.19 446804.699997 1.52 0
85122.610001 446818.410004 21.52 1
85122.33 446818.199997 21.509999999999998 1
85122.08 446818.0 21.509999999999998 1
85121.83 446817.800003 21.5 1
85121.58 446817.610001 21.509999999999998 1
85121.299999 446817.389999 21.49 1
85121.030001 446817.18 21.52 1
85120.77 446816.970001 21.52 1
85120.5 446816.760002 21.530001 1
85120.24 446816.559998 21.530001 1
85119.99 446816.360001 21.59 1
85119.73 446816.160004 21.58 1
85119.48 446815.959999 21.509999999999998 0
85119.209999 446815.760002 21.370001 9
85118.98 446815.589996 21.25 9
85118.709999 446815.379997 21.139999 9
85118.469999 446815.199997 21.040001 9
85118.219999 446815.010002 20.98 9
85117.98 446814.830002 20.870001 9
85117.709999 446814.620003 20.780001 9
85117.450001 446814.419998 20.700001 9
85117.209999 446814.239998 20.599999999999998 9
85116.950001 446814.040001 20.49 9
85116.690001 446813.849998 20.4 9
85116.459999 446813.669998 20.290001 9
85116.209999 446813.480003 20.169999999999998 9
85115.95 446813.279999 20.099999999999998 9
85115.68 446813.07 20.040001 9
85115.45 446812.900002 19.940001 9
85115.18 446812.690002 19.849999999999998 9
85114.94 446812.510002 19.75 9
85114.69 446812.32 19.629998999999998 9
85114.44 446812.129997 19.57 9
85114.18 446811.93 19.419999999999998 9
85113.92 446811.730003 19.360001 9
85113.67 446811.540001 19.259999999999998 9
85113.42 446811.349998 19.139999 9
85113.17 446811.160004 19.030001 9
85112.87 446810.900002 19.549999 1
85112.56 446810.620003 20.190001 1
85112.27 446810.379997 20.440001 1
85112.0 446810.18 20.33 1
85111.77 446810.0 20.219998999999998 1
85111.5 446809.790001 20.129998999999998 1
85111.26 446809.620003 20.0 1
85111.01 446809.43 19.9 1
85110.77 446809.239998 19.809998999999998 1
85110.5 446809.040001 19.73 1
85110.24 446808.839996 19.639999 1
85110.0 446808.650002 19.5 1
85109.74 446808.449997 19.48 1
85109.49 446808.260002 19.360001 1
85109.25 446808.080002 19.280001 1
85109.0 446807.889999 19.16 1
85108.74 446807.690002 19.09 1
85108.47 446807.489998 18.959999 1
85108.23 446807.309998 18.849999999999998 1
85107.96 446807.099998 18.77 1
85107.73 446806.919998 18.690001 1
85107.47 446806.730003 18.610001 1
85107.23 446806.550003 18.49 1
85106.96 446806.339996 18.389999 1
85106.7 446806.139999 18.309998999999998 1
85106.45 446805.949997 18.23 1
85106.19 446805.75 18.110001 2
85105.96 446805.589996 17.83 2
85105.74 446805.440002 17.43 0
85105.51 446805.269997 17.07 2
85105.27 446805.110001 16.65 2
85105.02 446804.940002 16.209999 2
85104.8 446804.790001 15.76 2
85104.64 446804.760002 14.059999999999999 10
85104.25 446804.739998 8.709999999999999 4
85104.13 446804.790001 6.08 4
85104.03 446804.860001 3.4 4
85103.9 446804.870003 1.26 0
85122.02 446818.379997 21.509999999999998 1
85121.75 446818.169998 21.52 1
85121.5 446817.970001 21.49 1
85121.24 446817.769997 21.540001 1
85120.98 446817.559998 21.59 1
85120.709999 446817.360001 21.549999 1
85120.440001 446817.150002 21.48 1
85120.209999 446816.970001 21.349999999999998 9
85119.940001 446816.769997 21.24 9
85119.719999 446816.599998 21.09 9
85119.459999 446816.410004 21.030001 9
85119.219999 446816.220001 20.940001 9
85118.950001 446816.010002 20.9 9
85118.690001 446815.809998 20.780001 9
85118.450001 446815.629997 20.639999 9
85118.190001 446815.440002 20.540001 9
85117.940001 446815.239998 20.459999 9
85117.700001 446815.07 20.360001 9
85117.459999 446814.879997 20.24 9
85117.190001 446814.68 20.18 9
85116.93 446814.470001 20.08 9
85116.690001 446814.290001 19.99 9
85116.42 446814.080002 19.879998999999998 9
85116.18 446813.910004 19.780001 9
85115.93 446813.709999 19.700001 9
85115.69 446813.540001 19.599999999999998 9
85115.42 446813.330002 19.509999999999998 9
85115.16 446813.129997 19.41 9
85114.91 446812.940002 19.33 9
85114.65 446812.739998 19.209999 9
85114.4 446812.550003 19.129998999999998 9
85114.16 446812.370003 19.02 9
85113.92 446812.18 18.93 9
85113.66 446811.989998 18.809998999999998 9
85113.39 446811.779999 18.700001 9
85113.16 446811.599998 18.58 9
85112.83 446811.309998 19.139999 1
85112.52 446811.040001 19.790001 1
85112.24 446810.809998 19.99 0
85112.01 446810.629997 19.879998999999998 1
85111.74 446810.43 19.799999 1
85111.49 446810.239998 19.68 1
85111.23 446810.040001 19.57 1
85110.97 446809.839996 19.52 1
85110.72 446809.650002 19.41 1
85110.48 446809.470001 19.34 1
85110.23 446809.279999 19.219998999999998 1
85109.98 446809.089996 19.08 1
85109.71 446808.879997 19.009999999999998 1
85109.46 446808.690002 18.98 1
85109.2 446808.489998 18.84 1
85108.96 446808.309998 18.780001 1
85108.7 446808.120003 18.65 1
85108.47 446807.940002 18.559998999999998 1
85108.2 446807.730003 18.43 1
85107.94 446807.540001 18.34 1
85107.69 446807.339996 18.259999999999998 1
85107.43 446807.139999 18.18 1
85107.18 446806.949997 18.110001 1
85106.94 446806.769997 17.98 1
85106.69 446806.580002 17.860001 1
85106.43 446806.379997 17.799999 1
85106.16 446806.18 17.66 1
85105.92 446805.989998 17.620001 1
85105.65 446805.790001 17.52 1
85105.42 446805.610001 17.33 0
85105.18 446805.449997 16.959999 0
85104.96 446805.300003 16.559998999999998 2
85104.71 446805.120003 16.190001 2
85104.48 446804.970001 15.7 2
85104.33 446804.949997 14.0 10
85103.92 446804.919998 8.56 4
85103.83 446804.989998 5.989999999999999 4
85103.75 446805.099998 2.78 0
85121.67 446818.510002 21.530001 0
85121.42 446818.32 21.469998999999998 0
85121.17 446818.120003 21.349999999999998 9
85120.92 446817.940002 21.24 9
85120.68 446817.75 21.15 9
85120.440001 446817.57 21.02 9
85120.18 446817.370003 20.940001 9
85119.91 446817.169998 20.82 9
85119.67 446816.989998 20.74 9
85119.4 446816.779999 20.629998999999998 9
85119.17 446816.599998 20.549999 9
85118.92 446816.410004 20.43 9
85118.67 446816.230003 20.389999 9
85118.41 446816.029999 20.24 9
85118.15 446815.830002 20.16 9
85117.9 446815.639999 20.07 9
85117.639999 446815.440002 19.99 9
85117.389999 446815.25 19.879998999999998 9
85117.15 446815.07 19.799999 9
85116.91 446814.879997 19.669999999999998 9
85116.65 446814.68 19.59 9
85116.379999 446814.480003 19.469998999999998 9
85116.139999 446814.290001 19.4 9
85115.87 446814.089996 19.280001 9
85115.64 446813.910004 19.169999999999998 9
85115.38 446813.720001 19.099999999999998 9
85115.14 446813.529999 19.02 9
85114.87 446813.330002 18.940001 9
85114.61 446813.129997 18.84 9
85114.36 446812.940002 18.75 9
85114.1 446812.739998 18.629998999999998 9
85113.85 446812.550003 18.540001 9
85113.62 446812.370003 18.43 9
85113.37 446812.18 18.32 9
85113.11 446811.989998 18.209999 9
85112.78 446811.699997 18.77 1
85112.48 446811.43 19.4 1
85112.18 446811.190002 19.610001 1
85111.94 446811.010002 19.49 1
85111.7 446810.82 19.360001 1
85111.46 446810.639999 19.309998999999998 1
85111.19 446810.43 19.209999 1
85110.93 446810.230003 19.120001 1
85110.68 446810.040001 19.0 1
85110.42 446809.839996 18.969998999999998 1
85110.17 446809.650002 18.83 1
85109.93 446809.470001 18.719998999999998 1
85109.68 446809.279999 18.629998999999998 1
85109.42 446809.089996 18.540001 1
85109.15 446808.879997 18.440001 1
85108.91 446808.699997 18.34 1
85108.64 446808.489998 18.219998999999998 1
85108.41 446808.309998 18.129998999999998 1
85108.15 446808.120003 18.059998999999998 1
85107.91 446807.93 18.0 1
85107.64 446807.720001 17.9 1
85107.39 446807.529999 17.759999999999998 1
85107.14 446807.339996 17.669999999999998 1
85106.88 446807.139999 17.559998999999998 1
85106.62 446806.949997 17.469998999999998 1
85106.39 446806.769997 17.33 1
85106.13 446806.580002 17.309998999999998 1
85105.87 446806.379997 17.18 1
85105.6 446806.18 17.07 1
85105.37 446805.989998 16.969998999999998 1
85105.09 446805.779999 16.93 1
85104.85 446805.599998 16.780001 0
85104.62 446805.440002 16.450001 0
85104.4 446805.290001 16.040001 0
85104.14 446805.099998 15.75 2
85104.25 446805.269997 14.18 10
85103.99 446805.080002 13.959999999999999 10
85103.74 446805.120003 9.75 4
85103.66 446805.199997 7.02 4
85103.6 446805.32 4.069999999999999 4
85103.52 446805.400002 1.25 0
85121.16 446818.510002 20.969998999999998 9
85120.91 446818.32 20.889999 9
85120.66 446818.120003 20.77 9
85120.41 446817.940002 20.669999999999998 9
85120.17 446817.75 20.59 9
85119.92 446817.57 20.469998999999998 9
85119.66 446817.360001 20.41 9
85119.389999 446817.160004 20.280001 9
85119.15 446816.980003 20.18 9
85118.889999 446816.779999 20.07 9
85118.65 446816.599998 20.0 9
85118.4 446816.410004 19.889999 9
85118.16 446816.230003 19.799999 9
85117.889999 446816.019997 19.719998999999998 9
85117.629999 446815.82 19.620001 9
85117.379999 446815.620003 19.57 9
85117.120001 446815.43 19.450001 9
85116.870001 446815.239998 19.33 9
85116.629999 446815.059998 19.25 9
85116.379999 446814.870003 19.18 9
85116.129999 446814.68 19.030001 9
85115.86 446814.470001 18.91 9
85115.62 446814.290001 18.809998999999998 9
85115.35 446814.080002 18.75 9
85115.11 446813.900002 18.629998999999998 9
85114.86 446813.709999 18.58 9
85114.62 446813.519997 18.49 9
85114.35 446813.32 18.370001 9
85114.09 446813.120003 18.280001 9
85113.84 446812.93 18.16 9
85113.58 446812.739998 18.049999 9
85113.33 446812.540001 17.99 9
85113.1 446812.370003 17.84 9
85112.79 446812.099998 18.34 1
85112.47 446811.809998 19.0 1
85112.17 446811.57 19.209999 1
85111.93 446811.379997 19.099999999999998 1
85111.66 446811.18 19.030001 1
85111.42 446811.0 18.9 1
85111.17 446810.800003 18.860001 1
85110.94 446810.629997 18.75 1
85110.67 446810.419998 18.639999 1
85110.4 446810.220001 18.57 1
85110.15 446810.029999 18.48 1
85109.89 446809.830002 18.360001 1
85109.64 446809.639999 18.299999 1
85109.41 446809.470001 18.120001 1
85109.15 446809.269997 18.099999999999998 1
85108.9 446809.07 17.98 1
85108.63 446808.870003 17.860001 1
85108.39 446808.68 17.790001 1
85108.11 446808.480003 17.700001 1
85107.87 446808.290001 17.610001 1
85107.62 446808.099998 17.5 1
85107.39 446807.919998 17.379998999999998 1
85107.12 446807.720001 17.290001 1
85106.86 446807.519997 17.18 1
85106.6 446807.330002 17.099999999999998 1
85106.34 446807.129997 17.030001 1
85106.09 446806.93 16.91 1
85105.85 446806.75 16.83 1
85105.6 446806.559998 16.709999 1
85105.34 446806.370003 16.610001 1
85105.07 446806.160004 16.530001 1
85104.83 446805.970001 16.48 1
85104.56 446805.769997 16.349999999999998 1
85104.32 446805.580002 16.25 0
85104.08 446805.410004 15.93 0
85103.84 446805.239998 15.78 0
85103.95 446805.410004 14.129999999999999 10
85103.61 446805.309998 11.059999999999999 0
85103.55 446805.43 8.0 0
85103.5 446805.57 4.67 4
85103.53 446805.629997 4.12 4
85103.67 446805.849998 2.04 0
85120.66 446818.470001 20.469998999999998 9
85120.41 446818.279999 20.389999 9
85120.16 446818.080002 20.290001 9
85119.91 446817.900002 20.18 9
85119.67 446817.720001 20.08 9
85119.43 446817.529999 19.98 9
85119.17 446817.330002 19.860001 9
85118.889999 446817.120003 19.790001 9
85118.66 446816.940002 19.66 9
85118.389999 446816.739998 19.559998999999998 9
85118.15 446816.550003 19.5 9
85117.9 446816.370003 19.4 9
85117.66 446816.18 19.33 9
85117.4 446815.980003 19.18 9
85117.129999 446815.779999 19.120001 9
85116.879999 446815.589996 19.009999999999998 9
85116.629999 446815.400002 18.879998999999998 9
85116.370001 446815.199997 18.809998999999998 9
85116.139999 446815.019997 18.74 9
85115.89 446814.830002 18.610001 9
85115.63 446814.639999 18.530001 9
85115.36 446814.419998 18.459999 9
85115.11 446814.239998 18.349999999999998 9
85114.85 446814.040001 18.24 9
85114.61 446813.849998 18.15 9
85114.36 446813.660004 18.07 9
85114.12 446813.480003 17.969998999999998 9
85113.85 446813.279999 17.879998999999998 9
85113.59 446813.080002 17.75 9
85113.34 446812.889999 17.66 9
85113.08 446812.690002 17.530001 9
85112.78 446812.43 18.0 1
85112.48 446812.169998 18.59 1
85112.2 446811.93 18.91 1
85111.94 446811.730003 18.799999 1
85111.67 446811.529999 18.700001 1
85111.43 446811.339996 18.639999 1
85111.16 446811.129997 18.540001 1
85110.91 446810.940002 18.5 1
85110.66 446810.760002 18.370001 1
85110.43 446810.580002 18.25 1
85110.16 446810.370003 18.190001 1
85109.9 446810.169998 18.08 1
85109.65 446809.980003 17.99 1
85109.39 446809.790001 17.870001 1
85109.14 446809.589996 17.759999999999998 1
85108.9 446809.410004 17.669999999999998 1
85108.64 446809.220001 17.59 1
85108.39 446809.029999 17.43 1
85108.12 446808.82 17.389999 1
85107.88 446808.639999 17.280001 1
85107.61 446808.43 17.169999999999998 1
85107.37 446808.25 17.09 1
85107.11 446808.050003 17.0 1
85106.87 446807.870003 16.93 1
85106.6 446807.660004 16.809998999999998 1
85106.34 446807.470001 16.68 1
85106.1 446807.279999 16.620001 1
85105.84 446807.080002 16.469998999999998 1
85105.58 446806.889999 16.4 1
85105.34 446806.699997 16.299999 1
85105.09 446806.510002 16.200001 1
85104.83 446806.309998 16.139999 1
85104.56 446806.110001 15.95 1
85104.32 446805.93 15.889999999999999 1
85104.05 446805.720001 15.77 0
85103.81 446805.540001 15.7 0
85103.66 446805.519997 14.01 0
85120.16 446818.5 19.91 9
85119.92 446818.309998 19.849999999999998 9
85119.66 446818.120003 19.65 9
85119.41 446817.93 19.599999999999998 9
85119.17 446817.739998 19.49 9
85118.93 446817.559998 19.379998999999998 9
85118.66 446817.360001 19.299999 9
85118.41 446817.160004 19.200001 9
85118.15 446816.959999 19.139999 9
85117.889999 446816.769997 19.030001 9
85117.639999 446816.580002 18.91 9
85117.4 446816.400002 18.82 9
85117.16 446816.209999 18.709999 9
85116.9 446816.010002 18.610001 9
85116.629999 446815.800003 18.559998999999998 9
85116.389999 446815.620003 18.41 9
85116.120001 446815.410004 18.34 9
85115.87 446815.230003 18.24 9
85115.63 446815.050003 18.09 9
85115.39 446814.860001 18.059998999999998 9
85115.12 446814.660004 17.93 9
85114.86 446814.449997 17.870001 9
85114.61 446814.260002 17.790001 9
85114.35 446814.07 17.66 9
85114.1 446813.879997 17.58 9
85113.85 446813.690002 17.49 9
85113.61 446813.5 17.389999 9
85113.35 446813.300003 17.290001 9
85113.08 446813.099998 17.169999999999998 9
85112.8 446812.860001 17.549999 1
85112.47 446812.57 18.18 1
85112.18 446812.32 18.540001 1
85111.94 446812.139999 18.450001 1
85111.68 446811.949997 18.349999999999998 1
85111.43 446811.75 18.25 1
85111.16 446811.540001 18.15 1
85110.92 446811.360001 18.040001 1
85110.65 446811.160004 17.959999 1
85110.41 446810.970001 17.9 1
85110.16 446810.779999 17.780001 1
85109.92 446810.599998 17.66 1
85109.65 446810.389999 17.58 1
85109.39 446810.199997 17.43 1
85109.14 446810.010002 17.349999999999998 1
85108.88 446809.809998 17.25 1
85108.63 446809.620003 17.18 1
85108.39 446809.43 17.099999999999998 1
85108.14 446809.239998 16.99 1
85107.87 446809.040001 16.91 1
85107.6 446808.839996 16.790001 1
85107.36 446808.650002 16.74 1
85107.09 446808.440002 16.66 1
85106.86 446808.269997 16.52 1
85106.6 446808.080002 16.419999999999998 1
85106.36 446807.889999 16.309998999999998 1
85106.09 446807.690002 16.18 1
85105.83 446807.489998 16.059998999999998 1
85105.58 446807.300003 15.989999999999998 1
85105.32 446807.099998 15.86 1
85105.07 446806.910004 15.729999999999999 1
85104.83 446806.730003 15.709999999999999 1
85104.57 446806.519997 15.739999999999998 1
85104.3 446806.300003 15.78 1
85104.02 446806.089996 15.77 1
85119.620001 446818.519997 19.34 9
85119.389999 446818.339996 19.23 9
85119.120001 446818.129997 19.09 9
85118.879999 446817.949997 19.040001 9
85118.629999 446817.760002 18.93 9
85118.389999 446817.580002 18.809998999999998 9
85118.120001 446817.379997 18.709999 9
85117.860001 446817.169998 18.639999 9
85117.610001 446816.980003 18.530001 9
85117.35 446816.790001 18.419999999999998 9
85117.1 446816.599998 18.299999 9
85116.860001 446816.419998 18.23 9
85116.610001 446816.220001 18.15 9
85116.360001 446816.029999 18.0 9
85116.09 446815.830002 17.919999999999998 9
85115.85 446815.639999 17.83 9
85115.58 446815.440002 17.719998999999998 9
85115.34 446815.260002 17.610001 9
85115.08 446815.059998 17.58 9
85114.84 446814.879997 17.48 9
85114.57 446814.669998 17.370001 9
85114.32 446814.480003 17.24 9
85114.06 446814.279999 17.18 9
85113.8 446814.080002 17.08 9
85113.55 446813.889999 16.99 9
85113.31 446813.709999 16.879998999999998 9
85113.06 446813.519997 16.780001 9
85112.76 446813.269997 17.110001 1
85112.42 446812.959999 17.809998999999998 1
85112.15 446812.730003 18.139999 1
85111.88 446812.519997 18.009999999999998 1
85111.64 446812.339996 17.919999999999998 1
85111.38 446812.150002 17.84 1
85111.15 446811.970001 17.73 1
85110.87 446811.760002 17.669999999999998 1
85110.61 446811.559998 17.599999999999998 1
85110.36 446811.370003 17.5 1
85110.1 446811.169998 17.379998999999998 1
85109.85 446810.980003 17.27 1
85109.61 446810.790001 17.219998999999998 1
85109.36 446810.610001 17.08 1
85109.1 446810.410004 16.98 1
85108.83 446810.209999 16.860001 1
85108.59 446810.019997 16.790001 1
85108.32 446809.82 16.68 1
85108.08 446809.629997 16.610001 1
85107.83 446809.440002 16.48 1
85107.59 446809.260002 16.4 1
85107.31 446809.050003 16.299999 1
85107.05 446808.849998 16.23 1
85106.81 446808.660004 16.09 1
85106.55 446808.470001 15.989999999999998 1
85106.3 446808.279999 15.84 1
85106.06 446808.099998 15.739999999999998 1
85105.8 446807.900002 15.7 1
85105.53 446807.68 15.739999999999998 1
85105.25 446807.459999 15.78 1
85118.860001 446818.360001 18.610001 9
85118.59 446818.160004 18.5 9
85118.35 446817.970001 18.440001 9
85118.09 446817.779999 18.360001 9
85117.860001 446817.599998 18.209999 9
85117.59 446817.389999 18.129998999999998 9
85117.33 446817.199997 18.009999999999998 9
85117.08 446817.010002 17.91 9
85116.82 446816.809998 17.84 9
85116.57 446816.620003 17.75 9
85116.33 446816.440002 17.639999 9
85116.08 446816.25 17.5 9
85115.82 446816.050003 17.419999999999998 9
85115.55 446815.849998 17.32 9
85115.32 446815.669998 17.219998999999998 9
85115.04 446815.449997 17.16 9
85114.8 446815.269997 17.040001 9
85114.54 446815.07 16.99 9
85114.31 446814.900002 16.870001 9
85114.03 446814.690002 16.799999 9
85113.78 446814.489998 16.690001 9
85113.53 446814.300003 16.59 9
85113.27 446814.099998 16.49 9
85113.01 446813.910004 16.370001 9
85112.74 446813.68 16.709999 1
85112.42 446813.400002 17.290001 1
85112.11 446813.129997 17.74 1
85111.85 446812.93 17.620001 1
85111.61 446812.75 17.52 1
85111.34 446812.540001 17.459999 1
85111.1 446812.360001 17.299999 1
85110.85 446812.169998 17.23 1
85110.6 446811.980003 17.200001 1
85110.33 446811.769997 17.059998999999998 1
85110.07 446811.580002 16.959999 1
85109.82 446811.389999 16.879998999999998 1
85109.56 446811.190002 16.780001 1
85109.31 446811.0 16.68 1
85109.07 446810.82 16.559998999999998 1
85108.82 446810.629997 16.440001 1
85108.56 446810.419998 16.379998999999998 1
85108.29 446810.220001 16.299999 1
85108.05 446810.040001 16.16 1
85107.78 446809.830002 16.099999999999998 1
85107.54 446809.650002 15.95 1
85107.3 446809.480003 15.739999999999998 1
85107.05 446809.279999 15.709999999999999 1
85106.77 446809.07 15.7 1
85106.5 446808.849998 15.75 1
85106.24 446808.639999 15.77 1
85118.33 446818.370003 18.030001 9
85118.07 446818.169998 17.919999999999998 9
85117.82 446817.989998 17.83 9
85117.58 446817.800003 17.75 9
85117.34 446817.620003 17.65 9
85117.07 446817.410004 17.540001 9
85116.809999 446817.220001 17.43 9
85116.549999 446817.019997 17.33 9
85116.299999 446816.830002 17.190001 9
85116.049999 446816.639999 17.099999999999998 9
85115.81 446816.449997 17.02 9
85115.56 446816.260002 16.959999 9
85115.3 446816.07 16.799999 9
85115.03 446815.860001 16.75 9
85114.79 446815.68 16.629998999999998 9
85114.51 446815.470001 16.549999 9
85114.27 446815.279999 16.459999 9
85114.01 446815.080002 16.419999999999998 9
85113.78 446814.910004 16.299999 9
85113.51 446814.699997 16.200001 9
85113.25 446814.5 16.099999999999998 9
85113.0 446814.309998 16.02 9
85112.7 446814.059998 16.349999999999998 1
85112.38 446813.779999 16.93 1
85112.1 446813.529999 17.34 1
85111.84 446813.339996 17.25 1
85111.58 446813.139999 17.169999999999998 1
85111.32 446812.940002 17.040001 1
85111.08 446812.760002 16.950001 1
85110.81 446812.550003 16.84 1
85110.56 446812.360001 16.77 1
85110.32 446812.18 16.629998999999998 1
85110.07 446811.980003 16.620001 1
85109.8 446811.779999 16.48 1
85109.54 446811.580002 16.41 1
85109.29 446811.400002 16.290001 1
85109.03 446811.199997 16.15 1
85108.78 446811.0 16.110001 1
85108.54 446810.82 15.969999999999999 1
85108.29 446810.639999 15.809999999999999 1
85108.03 446810.440002 15.69 1
85107.75 446810.220001 15.7 1
85107.51 446810.029999 15.739999999999998 1
85107.22 446809.809998 15.77 1
85117.790001 446818.449997 17.360001 9
85117.52 446818.239998 17.259999999999998 9
85117.280001 446818.059998 17.190001 9
85117.030001 446817.870003 17.099999999999998 9
85116.790001 446817.690002 17.0 9
85116.52 446817.480003 16.860001 9
85116.26 446817.279999 16.84 9
85116.01 446817.089996 16.669999999999998 9
85115.74 446816.889999 16.599999999999998 9
85115.5 446816.699997 16.49 9
85115.26 446816.519997 16.379998999999998 9
85115.01 446816.330002 16.299999 9
85114.75 446816.129997 16.18 9
85114.48 446815.919998 16.09 9
85114.23 446815.739998 16.0 9
85113.97 446815.540001 15.84 9
85113.73 446815.360001 15.7 9
85113.47 446815.160004 15.709999999999999 9
85113.22 446814.959999 15.76 9
85112.93 446814.739998 15.78 0
85113.1 446814.959999 13.979999999999999 0
85112.66 446814.519997 15.83 0
85112.34 446814.239998 16.450001 1
85112.03 446813.970001 16.9 1
85111.78 446813.779999 16.809998999999998 1
85111.54 446813.589996 16.709999 1
85111.29 446813.400002 16.629998999999998 1
85111.03 446813.199997 16.52 1
85110.76 446813.0 16.43 1
85110.52 446812.82 16.309998999999998 1
85110.25 446812.610001 16.219998999999998 1
85110.01 446812.43 16.139999 1
85109.75 446812.230003 16.030001 1
85109.52 446812.059998 15.86 1
85109.25 446811.860001 15.7 1
85108.99 446811.650002 15.7 1
85108.73 446811.440002 15.729999999999999 1
85108.45 446811.230003 15.78 1
85108.19 446811.029999 15.78 1
85117.23 446818.489998 16.709999 9
85116.969999 446818.290001 16.610001 9
85116.719999 446818.099998 16.52 9
85116.469999 446817.910004 16.48 9
85116.23 446817.730003 16.32 9
85115.97 446817.529999 16.209999 9
85115.7 446817.330002 16.09 9
85115.45 446817.139999 16.040001 9
85115.19 446816.940002 15.87 9
85114.95 446816.760002 15.719999999999999 9
85114.69 446816.559998 15.7 9
85114.44 446816.370003 15.719999999999999 9
85114.16 446816.139999 15.77 9
85113.89 446815.93 15.78 9
85112.58 446814.910004 15.78 0
85112.29 446814.660004 16.049999 1
85111.97 446814.389999 16.459999 1
85111.73 446814.209999 16.360001 1
85111.47 446814.010002 16.24 1
85111.22 446813.82 16.16 1
85110.97 446813.629997 16.040001 1
85110.73 446813.449997 15.979999999999999 1
85110.47 446813.25 15.75 1
85110.2 446813.050003 15.709999999999999 1
85109.94 446812.839996 15.729999999999999 1
85109.67 446812.629997 15.77 1
85109.82 446812.839996 13.99 11
85109.41 446812.43 15.729999999999999 1
85109.56 446812.639999 13.959999999999999 11
85116.690001 446818.510002 16.129998999999998 9
85116.43 446818.309998 16.040001 9
85116.18 446818.129997 15.85 9
85115.95 446817.949997 15.7 9
85115.68 446817.739998 15.709999999999999 9
85115.41 446817.529999 15.739999999999998 9
85115.13 446817.309998 15.77 9
85112.25 446815.050003 15.76 0
85111.96 446814.809998 16.059998999999998 1
85111.7 446814.610001 15.94 1
85111.44 446814.419998 15.709999999999999 1
85111.19 446814.230003 15.709999999999999 1
85110.91 446814.010002 15.729999999999999 1
85110.66 446813.809998 15.78 1
85110.81 446814.029999 14.01 11
85110.4 446813.599998 15.79 1
85116.18 446818.449997 15.76 9
85115.91 446818.230003 15.79 9
85111.96 446815.150002 15.709999999999999 1
85111.7 446814.949997 15.77 1
85111.45 446814.75 15.77 1
85111.61 446814.970001 13.99 0
85111.34 446814.760002 13.95 0
85128.43 446812.830002 13.979999999999999 0
85126.65 446803.160004 1.02 12
85126.73 446802.970001 2.7199999999999998 12
85126.639999 446802.879997 1.44 12
85126.83 446802.760002 4.74 13
85126.85 446802.489998 5.64 12
85126.75 446802.370003 4.08 13
85126.620001 446802.230003 2.1 12
85128.459999 446815.639999 18.030001 1
85128.41 446815.309998 17.799999 1
85128.370001 446815.0 17.599999999999998 1
85128.32 446814.669998 17.299999 1
85128.26 446814.32 17.049999 1
85128.209999 446813.980003 16.82 1
85128.17 446813.660004 16.57 1
85128.110001 446813.309998 16.32 1
85128.059999 446812.989998 16.040001 1
85128.01 446812.650002 15.7 1
85127.98 446812.349998 15.77 1
85127.870001 446812.260002 13.979999999999999 0
85126.290001 446803.370003 3.25 12
85126.48 446803.300003 6.56 13
85126.6 446803.139999 8.84 13
85126.690001 446802.959999 10.559999999999999 0
85126.879999 446802.860001 13.979999999999999 0
85126.84 446802.519997 13.969999999999999 0
85128.440001 446818.389999 20.629998999999998 1
85128.379999 446818.040001 20.379998999999998 1
85128.34 446817.739998 20.16 1
85128.280001 446817.379997 19.84 1
85128.23 446817.080002 19.559998999999998 1
85128.190001 446816.75 19.4 1
85128.139999 446816.440002 19.129998999999998 1
85128.09 446816.089996 18.849999999999998 1
85128.040001 446815.75 18.59 1
85127.99 446815.419998 18.379998999999998 1
85127.940001 446815.089996 18.139999 1
85127.889999 446814.760002 17.860001 1
85127.84 446814.449997 17.610001 1
85127.790001 446814.120003 17.4 1
85127.74 446813.779999 17.099999999999998 1
85127.690001 446813.419998 16.849999999999998 1
85127.639999 446813.110001 16.65 1
85127.59 446812.75 16.34 1
85127.540001 446812.440002 16.110001 1
85127.48 446812.099998 15.719999999999999 1
85127.450001 446811.800003 15.76 1
85125.790001 446803.75 2.09 13
85125.879999 446803.529999 4.01 13
85126.1 446803.480003 7.72 12
85126.0 446803.379997 6.31 12
85126.27 446803.339996 10.729999999999999 13
85126.450001 446803.269997 13.969999999999999 0
85126.42 446802.949997 13.979999999999999 0
85126.5 446802.769997 15.7 0
85126.469999 446802.43 15.75 0
85126.35 446802.300003 13.979999999999999 0
85126.32 446801.970001 13.969999999999999 0
85128.1 446818.489998 21.07 1
85128.049999 446818.169998 20.799999 1
85128.0 446817.839996 20.559998999999998 1
85127.950001 446817.489998 20.280001 1
85127.9 446817.18 20.040001 1
85127.85 446816.830002 19.809998999999998 1
85127.799999 446816.510002 19.559998999999998 1
85127.75 446816.190002 19.299999 1
85127.709999 446815.879997 19.07 1
85127.66 446815.529999 18.82 1
85127.6 446815.190002 18.530001 1
85127.559999 446814.870003 18.309998999999998 1
85127.51 446814.529999 18.110001 1
85127.459999 446814.190002 17.82 1
85127.41 446813.879997 17.559998999999998 1
85127.360001 446813.550003 17.309998999999998 1
85127.309999 446813.220001 17.09 1
85127.26 446812.860001 16.790001 1
85127.209999 446812.550003 16.549999 1
85127.16 446812.190002 16.280001 1
85127.110001 446811.870003 16.07 1
85127.049999 446811.529999 15.7 1
85127.02 446811.230003 15.76 1
85125.4 446803.510002 2.21 13
85125.77 446803.589996 8.18 12
85126.09 446803.349998 13.979999999999999 0
85126.17 446803.139999 15.75 1
85126.16 446802.860001 16.030001 1
85126.139999 446802.550003 16.129998999999998 0
85126.08 446802.209999 15.7 1
85126.040001 446801.860001 15.77 1
85125.92 446801.720001 13.969999999999999 0
85127.74 446818.25 21.24 1
85127.690001 446817.940002 21.030001 1
85127.639999 446817.620003 20.77 1
85127.59 446817.290001 20.49 1
85127.540001 446816.940002 20.24 1
85127.49 446816.620003 19.99 1
85127.440001 446816.269997 19.759999999999998 1
85127.389999 446815.959999 19.52 1
85127.34 446815.629997 19.259999999999998 1
85127.299999 446815.32 19.02 1
85127.25 446814.980003 18.809998999999998 1
85127.190001 446814.639999 18.48 1
85127.15 446814.309998 18.27 1
85127.09 446813.970001 17.98 1
85127.040001 446813.639999 17.709999 1
85127.0 446813.32 17.52 1
85126.950001 446813.0 17.280001 1
85126.9 446812.660004 17.030001 1
85126.85 446812.300003 16.759999999999998 1
85126.790001 446811.989998 16.469998999999998 1
85126.74 446811.629997 16.190001 1
85126.690001 446811.309998 15.93 1
85126.639999 446810.970001 15.7 1
85126.610001 446810.669998 15.76 1
85125.120001 446804.239998 2.09 12
85125.09 446803.910004 2.1999999999999997 12
85125.459999 446804.0 8.15 12
85125.370001 446803.900002 6.81 12
85125.43 446803.68 8.15 12
85125.780001 446803.769997 13.979999999999999 0
85125.870001 446803.57 15.739999999999998 1
85125.75 446803.440002 14.04 0
85125.83 446803.220001 15.729999999999999 1
85125.83 446802.959999 16.219998999999998 1
85125.82 446802.629997 16.5 0
85125.77 446802.32 16.27 1
85125.719999 446801.970001 16.0 1
85125.67 446801.639999 15.69 1
85125.629999 446801.300003 15.76 1
85125.51 446801.160004 13.969999999999999 0
85127.459999 446818.330002 21.59 0
85127.41 446818.0 21.34 1
85127.360001 446817.669998 21.08 1
85127.309999 446817.360001 20.849999999999998 1
85127.27 446817.040001 20.610001 1
85127.209999 446816.699997 20.349999999999998 1
85127.16 446816.349998 20.059998999999998 1
85127.110001 446816.040001 19.790001 1
85127.059999 446815.690002 19.58 1
85127.02 446815.379997 19.349999999999998 1
85126.969999 446815.050003 19.110001 1
85126.92 446814.739998 18.870001 1
85126.870001 446814.379997 18.57 1
85126.82 446814.050003 18.370001 1
85126.77 446813.720001 18.09 1
85126.719999 446813.379997 17.83 1
85126.67 446813.050003 17.599999999999998 1
85126.620001 446812.739998 17.34 1
85126.57 446812.410004 17.110001 1
85126.52 446812.07 16.84 1
85126.459999 446811.709999 16.549999 1
85126.42 446811.389999 16.34 1
85126.360001 446811.040001 16.049999 1
85126.309999 446810.709999 15.7 1
85126.280001 446810.400002 15.76 1
85124.809999 446804.599998 1.27 12
85124.83 446804.309998 2.17 12
85125.08 446804.260002 6.42 12
85124.799999 446803.970001 2.19 12
85125.16 446804.059998 8.16 13
85125.48 446803.809998 13.979999999999999 0
85125.57 446803.639999 15.75 1
85125.559999 446803.339996 16.030001 1
85125.540001 446803.029999 16.370001 1
85125.530001 446802.720001 16.74 1
85125.5 446802.400002 16.629998999999998 1
85125.440001 446802.040001 16.34 1
85125.389999 446801.709999 16.08 1
85125.33 446801.370003 15.709999999999999 1
85125.299999 446801.07 15.75 1
85125.18 446800.93 13.969999999999999 0
85127.190001 446818.389999 21.530001 1
85127.16 446818.07 21.610001 1
85127.120001 446817.75 21.459999 1
85127.059999 446817.419998 21.169999999999998 1
85127.02 446817.089996 20.950001 1
85126.969999 446816.779999 20.700001 1
85126.92 446816.449997 20.389999 1
85126.870001 446816.120003 20.209999 1
85126.82 446815.769997 19.98 1
85126.77 446815.459999 19.68 1
85126.719999 446815.110001 19.41 1
85126.67 446814.800003 19.219998999999998 1
85126.620001 446814.470001 18.959999 1
85126.58 446814.150002 18.75 1
85126.52 446813.800003 18.419999999999998 1
85126.469999 446813.459999 18.24 1
85126.42 446813.139999 17.950001 1
85126.370001 446812.800003 17.700001 1
85126.32 446812.470001 17.459999 1
85126.280001 446812.150002 17.219998999999998 1
85126.219999 446811.809998 16.91 1
85126.17 446811.480003 16.68 1
85126.120001 446811.120003 16.41 1
85126.07 446810.800003 16.169999999999998 1
85126.01 446810.440002 15.799999999999999 1
85125.98 446810.129997 15.729999999999999 1
85124.57 446804.379997 2.1999999999999997 13
85124.93 446804.480003 8.15 12
85124.84 446804.379997 6.72 12
85124.9 446804.129997 8.19 13
85125.25 446804.199997 13.979999999999999 0
85125.33 446804.0 15.739999999999998 1
85125.219999 446803.879997 14.04 0
85125.299999 446803.669998 15.729999999999999 1
85125.299999 446803.389999 16.23 1
85125.290001 446803.110001 16.509999999999998 1
85125.280001 446802.82 16.91 1
85125.25 446802.5 17.030001 1
85125.190001 446802.129997 16.68 1
85125.15 446801.809998 16.440001 1
85125.09 446801.440002 16.200001 1
85125.040001 446801.110001 15.809999999999999 1
85125.0 446801.07 15.25 1
85125.0 446800.779999 15.719999999999999 1
85124.85 446800.339996 13.969999999999999 0
85126.940001 446818.459999 21.52 1
85126.91 446818.160004 21.540001 1
85126.879999 446817.82 21.559998999999998 1
85126.84 446817.5 21.540001 0
85126.790001 446817.18 21.299999 1
85126.74 446816.839996 21.02 1
85126.690001 446816.519997 20.780001 1
85126.65 446816.209999 20.530001 1
85126.6 446815.879997 20.259999999999998 1
85126.549999 446815.550003 19.99 1
85126.49 446815.190002 19.75 1
85126.450001 446814.879997 19.530001 1
85126.4 446814.529999 19.27 1
85126.35 446814.220001 19.059998999999998 1
85126.299999 446813.889999 18.74 1
85126.25 446813.580002 18.540001 1
85126.200001 446813.230003 18.280001 1
85126.15 446812.879997 17.99 1
85126.1 446812.550003 17.759999999999998 1
85126.049999 446812.209999 17.49 1
85126.0 446811.879997 17.24 1
85125.959999 446811.57 17.049999 1
85125.9 446811.239998 16.75 1
85125.85 446810.900002 16.459999 1
85125.799999 446810.540001 16.23 1
85125.75 446810.220001 15.92 1
85125.700001 446809.860001 15.7 1
85125.67 446809.559998 15.75 1
85124.309999 446805.010002 0.83 12
85124.440001 446804.860001 3.32 13
85124.57 446804.68 5.88 12
85124.52 446804.629997 5.04 12
85124.690001 446804.529999 8.16 12
85125.01 446804.300003 13.979999999999999 0
85125.09 446804.080002 15.75 1
85124.98 446803.959999 14.08 0
85125.08 446803.769997 15.989999999999998 1
85125.07 446803.480003 16.34 1
85125.049999 446803.169998 16.669999999999998 1
85125.040001 446802.879997 17.02 1
85125.030001 446802.589996 17.290001 1
85124.98 446802.260002 17.059998999999998 1
85124.93 446801.910004 16.809998999999998 1
85124.870001 446801.540001 16.5 1
85124.82 446801.220001 16.24 1
85124.77 446800.849998 15.899999999999999 1
85124.719999 446800.529999 15.7 1
85124.690001 446800.209999 15.739999999999998 1
85124.57 446800.059998 13.969999999999999 0
85126.610001 446818.519997 21.530001 1
85126.58 446818.220001 21.52 1
85126.549999 446817.910004 21.509999999999998 1
85126.52 446817.610001 21.52 1
85126.49 446817.269997 21.59 1
85126.440001 446816.940002 21.440001 1
85126.389999 446816.610001 21.15 1
85126.34 446816.279999 20.91 1
85126.290001 446815.959999 20.620001 1
85126.25 446815.650002 20.43 1
85126.200001 446815.32 20.16 1
85126.15 446814.980003 19.91 1
85126.09 446814.629997 19.639999 1
85126.049999 446814.32 19.4 1
85125.99 446813.959999 19.09 1
85125.950001 446813.660004 18.950001 1
85125.9 446813.330002 18.68 1
85125.85 446813.019997 18.440001 1
85125.799999 446812.660004 18.18 1
85125.75 446812.32 17.91 1
85125.700001 446811.989998 17.669999999999998 1
85125.65 446811.650002 17.419999999999998 1
85125.6 446811.32 17.15 1
85125.549999 446811.0 16.93 1
85125.5 446810.669998 16.65 1
85125.450001 446810.330002 16.43 1
85125.4 446809.970001 16.139999 1
85125.34 446809.650002 15.79 1
85125.299999 446809.290001 15.739999999999998 1
85124.18 446805.019997 4.33 13
85124.360001 446804.879997 7.56 12
85124.41 446804.669998 8.9 13
85124.709999 446804.669998 13.979999999999999 0
85124.68 446804.360001 14.04 0
85124.76 446804.160004 15.709999999999999 1
85124.76 446803.889999 16.18 1
85124.75 446803.57 16.530001 1
85124.74 446803.269997 16.879998999999998 1
85124.73 446802.980003 17.200001 1
85124.709999 446802.68 17.549999 1
85124.68 446802.349998 17.48 1
85124.629999 446802.019997 17.219998999999998 1
85124.58 446801.690002 16.950001 1
85124.52 446801.339996 16.68 1
85124.469999 446800.970001 16.43 1
85124.42 446800.650002 16.15 1
85124.360001 446800.279999 15.78 1
85124.32 446799.970001 15.739999999999998 1
85124.17 446799.5 13.969999999999999 0
85126.17 446818.300003 21.52 1
85126.129999 446817.959999 21.5 1
85126.1 446817.669998 21.52 1
85126.07 446817.349998 21.52 1
85126.040001 446817.050003 21.509999999999998 1
85126.01 446816.720001 21.59 0
85125.959999 446816.389999 21.450001 1
85125.91 446816.059998 21.169999999999998 1
85125.860001 446815.730003 20.889999 1
85125.82 446815.400002 20.68 1
85125.77 446815.089996 20.459999 1
85125.719999 446814.769997 20.18 1
85125.67 446814.43 19.940001 1
85125.620001 446814.080002 19.73 1
85125.57 446813.760002 19.440001 1
85125.52 446813.410004 19.18 1
85125.469999 446813.099998 18.919999999999998 1
85125.42 446812.769997 18.68 1
85125.370001 446812.459999 18.440001 1
85125.32 446812.099998 18.200001 1
85125.27 446811.760002 17.93 1
85125.219999 446811.43 17.68 1
85125.17 446811.089996 17.379998999999998 1
85125.120001 446810.760002 17.15 1
85125.07 446810.440002 16.889999 1
85125.02 446810.110001 16.66 1
85124.969999 446809.760002 16.389999 1
85124.91 446809.400002 16.08 1
85124.860001 446809.080002 15.75 1
85124.82 446808.739998 15.75 1
85123.66 446805.269997 2.1799999999999997 12
85124.1 446805.150002 9.83 13
85124.059999 446805.110001 9.25 13
85124.299999 446804.75 14.01 0
85124.379999 446804.57 15.75 1
85124.370001 446804.25 16.120001 1
85124.360001 446803.970001 16.459999 1
85124.35 446803.669998 16.759999999999998 1
85124.34 446803.400002 17.120001 1
85124.33 446803.080002 17.450001 1
85124.32 446802.779999 17.809998999999998 1
85124.299999 446802.470001 18.009999999999998 1
85124.24 446802.129997 17.73 1
85124.190001 446801.779999 17.440001 1
85124.15 446801.470001 17.24 1
85124.09 446801.120003 16.950001 1
85124.040001 446800.769997 16.68 1
85123.99 446800.410004 16.41 1
85123.940001 446800.080002 16.16 1
85123.870001 446799.699997 15.729999999999999 1
85123.84 446799.400002 15.75 1
85123.690001 446798.940002 13.959999999999999 0
85125.709999 446818.389999 21.52 1
85125.68 446818.050003 21.52 1
85125.65 446817.760002 21.509999999999998 1
85125.610001 446817.419998 21.509999999999998 1
85125.58 446817.110001 21.52 1
85125.549999 446816.800003 21.52 1
85125.51 446816.5 21.509999999999998 1
85125.48 446816.160004 21.540001 1
85125.440001 446815.839996 21.5 1
85125.389999 446815.519997 21.219998999999998 1
85125.35 446815.18 20.99 1
85125.299999 446814.860001 20.73 1
85125.25 446814.540001 20.459999 1
85125.200001 446814.209999 20.219998999999998 1
85125.15 446813.879997 20.0 1
85125.1 446813.519997 19.75 1
85125.049999 446813.209999 19.49 1
85124.99 446812.860001 19.169999999999998 1
85124.950001 446812.550003 18.959999 1
85124.9 446812.220001 18.74 1
85124.85 446811.900002 18.52 1
85124.799999 446811.540001 18.18 1
85124.75 446811.199997 17.950001 1
85124.700001 446810.879997 17.759999999999998 1
85124.639999 446810.529999 17.43 1
85124.59 446810.199997 17.169999999999998 1
85124.549999 446809.889999 16.959999 1
85124.5 446809.550003 16.74 1
85124.450001 446809.209999 16.5 1
85124.389999 446808.849998 16.200001 1
85124.34 446808.529999 15.899999999999999 1
85124.290001 446808.169998 15.709999999999999 1
85123.18 446805.940002 0.82 12
85123.23 446805.690002 2.17 12
85123.52 446805.68 7.04 12
85123.200001 446805.370003 2.25 12
85123.49 446805.349998 7.1499999999999995 12
85123.870001 446805.18 13.94 0
85123.959999 446804.989998 15.739999999999998 1
85123.940001 446804.68 16.030001 1
85123.93 446804.360001 16.41 1
85123.92 446804.080002 16.75 1
85123.91 446803.760002 17.08 1
85123.9 446803.480003 17.419999999999998 1
85123.889999 446803.190002 17.74 1
85123.879999 446802.910004 18.049999 1
85123.870001 446802.599998 18.419999999999998 1
85123.82 446802.25 18.299999 1
85123.780001 446801.919998 18.099999999999998 1
85123.719999 446801.57 17.790001 1
85123.67 446801.230003 17.509999999999998 1
85123.620001 446800.910004 17.259999999999998 1
85123.57 446800.57 16.99 1
85123.52 446800.220001 16.759999999999998 1
85123.459999 446799.849998 16.49 1
85123.42 446799.529999 16.25 1
85123.35 446799.150002 15.85 1
85123.309999 446798.830002 15.709999999999999 1
85123.16 446798.370003 13.959999999999999 0
85125.27 446818.519997 21.530001 1
85125.23 446818.199997 21.52 1
85125.200001 446817.879997 21.530001 1
85125.16 446817.529999 21.509999999999998 1
85125.129999 446817.239998 21.52 1
85125.09 446816.900002 21.509999999999998 1
85125.059999 446816.599998 21.5 1
85125.030001 446816.290001 21.509999999999998 1
85125.0 446815.989998 21.5 1
85124.959999 446815.650002 21.530001 1
85124.93 446815.330002 21.559998999999998 1
85124.879999 446815.0 21.33 1
85124.83 446814.660004 21.059998999999998 1
85124.780001 446814.339996 20.849999999999998 1
85124.74 446814.029999 20.57 1
85124.68 446813.699997 20.299999 1
85124.639999 446813.370003 20.059998999999998 1
85124.58 446813.010002 19.780001 1
85124.530001 446812.699997 19.530001 1
85124.48 446812.339996 19.27 1
85124.440001 446812.029999 19.07 1
85124.389999 446811.699997 18.809998999999998 1
85124.34 446811.389999 18.559998999999998 1
85124.280001 446811.029999 18.290001 1
85124.24 446810.699997 18.09 1
85124.190001 446810.360001 17.82 1
85124.129999 446810.010002 17.549999 1
85124.08 446809.690002 17.32 1
85124.030001 446809.360001 17.009999999999998 1
85123.98 446809.040001 16.77 1
85123.93 446808.690002 16.509999999999998 1
85123.879999 446808.330002 16.25 1
85123.83 446808.010002 16.0 1
85123.77 446807.650002 15.69 1
85123.75 446807.349998 15.75 1
85123.07 446805.82 7.14 13
85123.450001 446805.610001 13.92 0
85123.540001 446805.410004 15.75 1
85123.52 446805.099998 15.93 1
85123.51 446804.82 16.33 1
85123.5 446804.519997 16.620001 1
85123.49 446804.220001 17.0 1
85123.469999 446803.910004 17.32 1
85123.469999 446803.629997 17.66 1
85123.450001 446803.309998 18.009999999999998 1
85123.440001 446803.029999 18.33 1
85123.43 446802.730003 18.66 1
85123.42 446802.449997 18.919999999999998 1
85123.360001 446802.089996 18.669999999999998 1
85123.309999 446801.739998 18.379998999999998 1
85123.26 446801.410004 18.139999 1
85123.209999 446801.059998 17.889999 1
85123.16 446800.720001 17.620001 1
85123.110001 446800.389999 17.360001 1
85123.059999 446800.050003 17.110001 1
85123.0 446799.699997 16.82 1
85122.950001 446799.339996 16.59 1
85122.9 446799.010002 16.290001 1
85122.85 446798.650002 16.040001 1
85122.790001 446798.309998 15.7 1
85122.76 446798.0 15.78 1
85122.639999 446797.839996 13.959999999999999 0
85124.74 446818.279999 21.530001 1
85124.709999 446817.980003 21.530001 1
85124.68 446817.669998 21.52 1
85124.639999 446817.339996 21.52 1
85124.610001 446817.0 21.52 1
85124.58 446816.699997 21.509999999999998 1
85124.540001 446816.360001 21.52 1
85124.51 446816.07 21.530001 1
85124.48 446815.760002 21.52 1
85124.440001 446815.459999 21.52 1
85124.41 446815.120003 21.52 1
85124.379999 446814.790001 21.59 1
85124.34 446814.470001 21.459999 1
85124.280001 446814.129997 21.129998999999998 1
85124.23 446813.809998 20.91 1
85124.18 446813.5 20.639999 1
85124.139999 446813.169998 20.450001 1
85124.09 446812.839996 20.18 1
85124.030001 446812.480003 19.889999 1
85123.99 446812.169998 19.65 1
85123.93 446811.809998 19.389999 1
85123.879999 446811.489998 19.139999 1
85123.84 446811.169998 18.91 1
85123.790001 446810.860001 18.700001 1
85123.74 446810.5 18.41 1
85123.68 446810.160004 18.129998999999998 1
85123.629999 446809.830002 17.91 1
85123.58 446809.480003 17.620001 1
85123.530001 446809.150002 17.41 1
85123.48 446808.830002 17.139999 1
85123.440001 446808.5 16.919999999999998 1
85123.379999 446808.160004 16.66 1
85123.33 446807.800003 16.4 1
85123.280001 446807.480003 16.139999 1
85123.219999 446807.110001 15.729999999999999 1
85123.190001 446806.800003 15.75 0
85123.030001 446806.360001 13.91 0
85123.0 446806.059998 13.92 0
85123.08 446805.839996 15.76 1
85123.059999 446805.519997 15.91 1
85123.049999 446805.230003 16.309998999999998 1
85123.040001 446804.919998 16.629998999999998 1
85123.030001 446804.629997 16.959999 1
85123.02 446804.339996 17.259999999999998 1
85123.01 446804.050003 17.610001 1
85123.0 446803.75 17.959999 1
85122.98 446803.43 18.299999 1
85122.969999 446803.160004 18.620001 1
85122.959999 446802.839996 18.940001 1
85122.950001 446802.559998 19.299999 1
85122.92 446802.239998 19.33 1
85122.870001 446801.919998 19.040001 1
85122.809999 446801.550003 18.75 1
85122.76 446801.209999 18.48 1
85122.709999 446800.870003 18.24 1
85122.66 446800.529999 18.0 1
85122.610001 446800.190002 17.719998999999998 1
85122.559999 446799.860001 17.469998999999998 1
85122.51 446799.519997 17.24 1
85122.450001 446799.160004 16.919999999999998 1
85122.4 446798.800003 16.68 1
85122.35 446798.470001 16.370001 1
85122.290001 446798.110001 16.099999999999998 1
85122.24 446797.779999 15.78 1
85122.200001 446797.449997 15.75 1
85122.040001 446796.989998 13.959999999999999 0
85124.290001 446818.360001 21.530001 1
85124.26 446818.040001 21.530001 1
85124.219999 446817.720001 21.530001 1
85124.190001 446817.43 21.52 1
85124.16 446817.110001 21.52 1
85124.129999 446816.790001 21.52 1
85124.09 446816.449997 21.52 1
85124.059999 446816.150002 21.540001 1
85124.02 446815.809998 21.509999999999998 1
85123.99 446815.510002 21.52 1
85123.959999 446815.199997 21.530001 1
85123.93 446814.900002 21.530001 1
85123.889999 446814.559998 21.52 1
85123.860001 446814.239998 21.559998999999998 1
85123.82 446813.919998 21.509999999999998 1
85123.77 446813.580002 21.18 1
85123.719999 446813.260002 20.940001 1
85123.67 446812.949997 20.719998999999998 1
85123.620001 446812.620003 20.48 1
85123.57 446812.279999 20.190001 1
85123.52 446811.93 19.919999999999998 1
85123.469999 446811.610001 19.65 1
85123.42 446811.260002 19.450001 1
85123.370001 446810.940002 19.200001 1
85123.32 446810.610001 18.93 1
85123.27 446810.300003 18.74 1
85123.219999 446809.940002 18.459999 1
85123.17 446809.599998 18.169999999999998 1
85123.120001 446809.269997 17.919999999999998 1
85123.059999 446808.919998 17.629998999999998 1
85123.02 446808.599998 17.440001 1
85122.969999 446808.279999 17.169999999999998 1
85122.92 446807.940002 16.959999 1
85122.870001 446807.599998 16.700001 1
85122.809999 446807.239998 16.4 1
85122.76 446806.919998 16.15 1
85122.700001 446806.550003 15.78 1
85122.67 446806.239998 15.729999999999999 0
85122.629999 446805.93 15.77 1
85122.629999 446805.650002 16.219998999999998 1
85122.620001 446805.330002 16.549999 1
85122.610001 446805.029999 16.889999 1
85122.59 446804.730003 17.219998999999998 1
85122.58 446804.43 17.57 1
85122.57 446804.139999 17.93 1
85122.559999 446803.849998 18.200001 1
85122.549999 446803.559998 18.57 1
85122.540001 446803.260002 18.9 1
85122.530001 446802.940002 19.24 1
85122.52 446802.660004 19.57 1
85122.5 446802.339996 19.82 1
85122.450001 446802.019997 19.559998999999998 1
85122.4 446801.690002 19.33 1
85122.35 446801.370003 19.110001 1
85122.299999 446801.0 18.790001 1
85122.24 446800.650002 18.530001 1
85122.190001 446800.309998 18.280001 1
85122.139999 446799.959999 18.0 1
85122.09 446799.629997 17.74 1
85122.040001 446799.300003 17.49 1
85121.99 446798.959999 17.24 1
85121.93 446798.610001 16.940001 1
85121.879999 446798.239998 16.68 1
85121.83 446797.910004 16.419999999999998 1
85121.780001 446797.550003 16.200001 1
85121.719999 446797.209999 15.809999999999999 1
85121.68 446796.879997 15.729999999999999 1
85121.52 446796.419998 13.959999999999999 0
85123.93 446818.459999 21.530001 1
85123.889999 446818.129997 21.530001 1
85123.860001 446817.82 21.530001 1
85123.83 446817.5 21.530001 1
85123.790001 446817.18 21.530001 1
85123.76 446816.879997 21.530001 1
85123.73 446816.57 21.540001 1
85123.690001 446816.25 21.530001 1
85123.66 446815.910004 21.52 1
85123.629999 446815.610001 21.530001 1
85123.59 446815.269997 21.52 1
85123.559999 446814.970001 21.540001 1
85123.530001 446814.650002 21.530001 1
85123.49 446814.349998 21.530001 1
85123.459999 446814.019997 21.52 1
85123.43 446813.699997 21.58 1
85123.389999 446813.379997 21.469998999999998 1
85123.34 446813.040001 21.18 1
85123.290001 446812.709999 20.940001 1
85123.24 446812.400002 20.68 1
85123.18 446812.07 20.389999 1
85123.139999 446811.730003 20.169999999999998 1
85123.08 446811.379997 19.91 1
85123.040001 446811.07 19.68 1
85122.98 446810.709999 19.43 1
85122.93 446810.400002 19.129998999999998 1
85122.889999 446810.07 18.93 1
85122.84 446809.739998 18.66 1
85122.780001 446809.389999 18.41 1
85122.73 446809.050003 18.16 1
85122.68 446808.720001 17.9 1
85122.629999 446808.379997 17.629998999999998 1
85122.58 446808.050003 17.389999 1
85122.530001 446807.720001 17.139999 1
85122.48 446807.389999 16.889999 1
85122.43 446807.050003 16.66 1
85122.379999 446806.68 16.41 1
85122.33 446806.370003 16.129998999999998 0
85122.290001 446806.019997 16.08 0
85122.280001 446805.739998 16.469998999999998 1
85122.27 446805.440002 16.77 1
85122.26 446805.160004 17.07 1
85122.25 446804.839996 17.440001 1
85122.24 446804.540001 17.799999 1
85122.219999 446804.239998 18.099999999999998 1
85122.209999 446803.940002 18.450001 1
85122.200001 446803.650002 18.77 1
85122.190001 446803.370003 19.09 1
85122.18 446803.07 19.379998999999998 1
85122.17 446802.779999 19.780001 1
85122.15 446802.459999 20.110001 0
85122.120001 446802.160004 20.110001 1
85122.07 446801.790001 19.82 1
85122.02 446801.470001 19.540001 1
85121.969999 446801.139999 19.32 1
85121.92 446800.82 19.030001 1
85121.870001 446800.449997 18.799999 1
85121.809999 446800.099998 18.509999999999998 1
85121.75 446799.75 18.15 1
85121.700001 446799.400002 17.93 1
85121.65 446799.07 17.700001 1
85121.6 446798.739998 17.440001 1
85121.549999 446798.410004 17.190001 1
85121.5 446798.059998 16.940001 1
85121.440001 446797.68 16.65 1
85121.389999 446797.349998 16.379998999999998 1
85121.34 446796.989998 16.139999 1
85121.280001 446796.650002 15.739999999999998 1
85121.25 446796.330002 15.76 1
85121.129999 446796.169998 13.99 0
85121.09 446795.870003 13.959999999999999 0
85123.629999 446818.25 21.52 1
85123.59 446817.919998 21.530001 1
85123.559999 446817.589996 21.530001 1
85123.52 446817.279999 21.530001 1
85123.49 446816.959999 21.530001 1
85123.459999 446816.639999 21.52 1
85123.43 446816.339996 21.530001 1
85123.389999 446816.029999 21.530001 1
85123.360001 446815.699997 21.540001 1
85123.32 446815.360001 21.530001 1
85123.290001 446815.07 21.52 1
85123.26 446814.730003 21.530001 1
85123.219999 446814.43 21.52 1
85123.190001 446814.120003 21.530001 1
85123.16 446813.82 21.52 1
85123.120001 446813.480003 21.52 1
85123.09 446813.150002 21.549999 1
85123.040001 446812.830002 21.280001 1
85122.99 446812.489998 21.0 1
85122.940001 446812.169998 20.780001 1
85122.889999 446811.849998 20.530001 1
85122.84 446811.519997 20.280001 1
85122.790001 446811.18 20.059998999999998 1
85122.74 446810.830002 19.799999 1
85122.690001 446810.510002 19.540001 1
85122.639999 446810.150002 19.24 1
85122.59 446809.839996 19.009999999999998 1
85122.540001 446809.510002 18.759999999999998 1
85122.49 446809.199997 18.509999999999998 1
85122.440001 446808.839996 18.280001 1
85122.379999 446808.489998 17.959999 1
85122.34 446808.160004 17.780001 1
85122.290001 446807.82 17.5 1
85122.23 446807.480003 17.23 1
85122.190001 446807.169998 16.969998999999998 1
85122.139999 446806.839996 16.790001 1
85122.09 446806.489998 16.5 1
85122.030001 446806.129997 16.259999999999998 0
85122.02 446805.839996 16.559998999999998 1
85122.01 446805.519997 16.91 1
85122.0 446805.239998 17.23 1
85121.99 446804.949997 17.549999 1
85121.98 446804.669998 17.879998999999998 1
85121.969999 446804.349998 18.24 1
85121.950001 446804.050003 18.57 1
85121.940001 446803.75 18.870001 1
85121.93 446803.449997 19.209999 1
85121.92 446803.160004 19.559998999999998 1
85121.91 446802.879997 19.9 1
85121.9 446802.589996 20.209999 1
85121.879999 446802.290001 20.440001 1
85121.82 446801.919998 20.139999 1
85121.780001 446801.599998 19.93 1
85121.719999 446801.239998 19.639999 1
85121.67 446800.910004 19.379998999999998 1
85121.620001 446800.57 19.15 1
85121.57 446800.25 18.879998999999998 1
85121.52 446799.889999 18.58 1
85121.469999 446799.540001 18.349999999999998 1
85121.41 446799.199997 18.059998999999998 1
85121.360001 446798.849998 17.799999 1
85121.309999 446798.510002 17.559998999999998 1
85121.26 446798.18 17.27 1
85121.209999 446797.839996 17.040001 1
85121.15 446797.489998 16.780001 1
85121.1 446797.129997 16.52 1
85121.049999 446796.800003 16.25 1
85120.99 446796.419998 15.91 1
85120.940001 446796.099998 15.7 1
85120.92 446795.779999 15.79 1
85120.790001 446795.610001 13.959999999999999 0
85123.35 446818.32 21.52 1
85123.32 446818.0 21.530001 1
85123.290001 446817.699997 21.530001 1
85123.25 446817.370003 21.530001 1
85123.219999 446817.029999 21.530001 1
85123.190001 446816.730003 21.530001 1
85123.15 446816.410004 21.530001 1
85123.120001 446816.089996 21.530001 1
85123.09 446815.790001 21.530001 1
85123.049999 446815.480003 21.540001 1
85123.02 446815.150002 21.52 1
85122.98 446814.82 21.52 1
85122.950001 446814.519997 21.530001 1
85122.92 446814.18 21.509999999999998 1
85122.879999 446813.879997 21.52 1
85122.85 446813.559998 21.52 1
85122.82 446813.260002 21.52 1
85122.790001 446812.93 21.59 1
85122.74 446812.589996 21.4 1
85122.690001 446812.269997 21.15 1
85122.639999 446811.93 20.879998999999998 1
85122.59 446811.599998 20.620001 1
85122.540001 446811.290001 20.360001 1
85122.49 446810.959999 20.110001 1
85122.440001 446810.620003 19.9 1
85122.389999 446810.260002 19.65 1
85122.34 446809.949997 19.379998999999998 1
85122.290001 446809.589996 19.110001 1
85122.24 446809.279999 18.879998999999998 1
85122.190001 446808.949997 18.65 1
85122.15 446808.629997 18.419999999999998 1
85122.09 446808.269997 18.129998999999998 1
85122.040001 446807.93 17.889999 1
85121.99 446807.589996 17.599999999999998 1
85121.940001 446807.25 17.33 1
85121.889999 446806.919998 17.15 1
85121.84 446806.599998 16.870001 1
85121.790001 446806.260002 16.59 0
85121.76 446805.940002 16.709999 1
85121.75 446805.620003 17.02 1
85121.74 446805.339996 17.360001 1
85121.73 446805.019997 17.74 1
85121.709999 446804.739998 18.030001 1
85121.709999 446804.449997 18.41 1
85121.690001 446804.169998 18.65 1
85121.68 446803.849998 19.0 1
85121.67 446803.550003 19.360001 1
85121.66 446803.25 19.690001 1
85121.639999 446802.949997 20.02 1
85121.629999 446802.660004 20.389999 1
85121.620001 446802.389999 20.690001 1
85121.58 446802.059998 20.540001 1
85121.530001 446801.720001 20.290001 1
85121.48 446801.360001 20.08 1
85121.43 446801.029999 19.790001 1
85121.370001 446800.660004 19.469998999999998 1
85121.32 446800.339996 19.25 1
85121.27 446800.010002 18.99 1
85121.219999 446799.690002 18.75 1
85121.17 446799.32 18.459999 1
85121.110001 446798.970001 18.16 1
85121.059999 446798.629997 17.940001 1
85121.01 446798.279999 17.669999999999998 1
85120.959999 446797.93 17.370001 1
85120.91 446797.610001 17.15 1
85120.860001 446797.269997 16.889999 1
85120.809999 446796.919998 16.639999 1
85120.75 446796.550003 16.349999999999998 1
85120.700001 446796.220001 16.09 1
85120.639999 446795.839996 15.69 1
85120.610001 446795.529999 15.77 1
85120.48 446795.370003 13.959999999999999 0
85123.07 446818.360001 21.52 1
85123.040001 446818.040001 21.530001 1
85123.01 446817.730003 21.540001 1
85122.969999 446817.43 21.540001 1
85122.940001 446817.110001 21.540001 1
85122.91 446816.790001 21.540001 1
85122.870001 446816.449997 21.540001 1
85122.84 446816.160004 21.540001 1
85122.799999 446815.809998 21.530001 1
85122.77 446815.519997 21.540001 1
85122.74 446815.209999 21.509999999999998 1
85122.700001 446814.900002 21.509999999999998 1
85122.67 446814.57 21.52 1
85122.629999 446814.239998 21.530001 1
85122.6 446813.940002 21.52 1
85122.57 446813.599998 21.509999999999998 1
85122.540001 446813.300003 21.52 1
85122.5 446812.989998 21.52 1
85122.469999 446812.690002 21.509999999999998 1
85122.440001 446812.349998 21.509999999999998 1
85122.379999 446812.010002 21.219998999999998 1
85122.33 446811.68 20.99 1
85122.280001 446811.339996 20.700001 1
85122.23 446811.010002 20.469998999999998 1
85122.190001 446810.699997 20.23 1
85122.139999 446810.370003 19.98 1
85122.09 446810.029999 19.74 1
85122.030001 446809.669998 19.43 1
85121.98 446809.360001 19.200001 1
85121.93 446809.0 18.940001 1
85121.879999 446808.68 18.709999 1
85121.83 446808.349998 18.450001 1
85121.780001 446808.029999 18.190001 1
85121.73 446807.68 17.969998999999998 1
85121.68 446807.330002 17.690001 1
85121.629999 446807.0 17.440001 1
85121.58 446806.650002 17.18 1
85121.530001 446806.32 16.93 1
85121.49 446806.010002 16.83 0
85121.48 446805.720001 17.190001 1
85121.469999 446805.410004 17.509999999999998 1
85121.450001 446805.089996 17.870001 1
85121.440001 446804.809998 18.190001 1
85121.43 446804.489998 18.530001 1
85121.42 446804.209999 18.82 1
85121.41 446803.919998 19.190001 1
85121.4 446803.639999 19.49 1
85121.379999 446803.330002 19.84 1
85121.379999 446803.029999 20.219998999999998 1
85121.360001 446802.739998 20.540001 1
85121.35 446802.440002 20.91 1
85121.32 446802.120003 20.889999 1
85121.27 446801.800003 20.559998999999998 1
85121.219999 446801.470001 20.389999 1
85121.17 446801.120003 20.099999999999998 1
85121.120001 446800.760002 19.889999 1
85121.059999 446800.43 19.57 1
85121.01 446800.07 19.34 1
85120.969999 446799.75 19.129998999999998 1
85120.91 446799.410004 18.780001 1
85120.860001 446799.080002 18.530001 1
85120.809999 446798.720001 18.280001 1
85120.75 446798.370003 17.99 1
85120.700001 446798.019997 17.719998999999998 1
85120.65 446797.669998 17.469998999999998 1
85120.6 446797.330002 17.190001 1
85120.549999 446797.010002 16.99 1
85120.5 446796.669998 16.759999999999998 1
85120.440001 446796.309998 16.459999 1
85120.389999 446795.940002 16.190001 1
85120.33 446795.610001 15.84 1
85120.290001 446795.25 15.739999999999998 1
85120.139999 446794.779999 13.969999999999999 0
85122.76 446818.43 21.52 1
85122.73 446818.110001 21.52 1
85122.700001 446817.790001 21.52 1
85122.66 446817.470001 21.530001 1
85122.629999 446817.160004 21.540001 1
85122.6 446816.870003 21.530001 1
85122.57 446816.550003 21.530001 1
85122.530001 446816.230003 21.540001 1
85122.5 446815.889999 21.540001 1
85122.459999 446815.580002 21.509999999999998 1
85122.43 446815.25 21.52 1
85122.4 446814.949997 21.52 1
85122.360001 446814.639999 21.52 1
85122.33 446814.339996 21.52 1
85122.290001 446814.0 21.509999999999998 1
85122.26 446813.68 21.52 1
85122.23 446813.360001 21.509999999999998 1
85122.190001 446813.040001 21.5 1
85122.16 446812.720001 21.49 1
85122.129999 446812.419998 21.5 1
85122.1 446812.110001 21.58 1
85122.049999 446811.779999 21.389999 1
85122.0 446811.43 21.09 1
85121.950001 446811.110001 20.879998999999998 1
85121.9 446810.760002 20.620001 1
85121.85 446810.440002 20.370001 1
85121.799999 446810.110001 20.099999999999998 1
85121.76 446809.800003 19.9 1
85121.700001 446809.449997 19.57 1
85121.65 446809.099998 19.360001 1
85121.6 446808.790001 19.139999 1
85121.549999 446808.419998 18.849999999999998 1
85121.5 446808.099998 18.59 1
85121.450001 446807.769997 18.34 1
85121.4 446807.459999 18.09 1
85121.35 446807.099998 17.83 1
85121.299999 446806.760002 17.58 1
85121.25 446806.419998 17.34 1
85121.200001 446806.080002 17.07 0
85121.18 446805.779999 17.4 1
85121.17 446805.5 17.709999 1
85121.16 446805.199997 18.02 1
85121.15 446804.900002 18.379998999999998 1
85121.139999 446804.580002 18.74 1
85121.129999 446804.300003 19.049999 1
85121.110001 446803.989998 19.389999 1
85121.1 446803.709999 19.719998999999998 1
85121.09 446803.410004 20.030001 1
85121.08 446803.129997 20.33 1
85121.07 446802.82 20.719998999999998 1
85121.059999 446802.519997 21.09 1
85121.040001 446802.230003 21.280001 1
85120.99 446801.879997 21.009999999999998 1
85120.940001 446801.550003 20.77 1
85120.889999 446801.220001 20.49 1
85120.84 446800.879997 20.25 1
85120.780001 446800.540001 20.0 1
85120.73 446800.169998 19.759999999999998 1
85120.690001 446799.860001 19.530001 1
85120.629999 446799.489998 19.169999999999998 1
85120.58 446799.169998 18.969998999999998 1
85120.530001 446798.830002 18.690001 1
85120.48 446798.5 18.43 1
85120.43 446798.139999 18.219998999999998 1
85120.370001 446797.779999 17.889999 1
85120.32 446797.440002 17.639999 1
85120.27 446797.089996 17.4 1
85120.219999 446796.75 17.139999 1
85120.17 446796.43 16.870001 1
85120.120001 446796.080002 16.65 1
85120.059999 446795.730003 16.389999 1
85120.01 446795.349998 16.09 1
85119.950001 446795.010002 15.709999999999999 1
85119.92 446794.68 15.78 1
85119.790001 446794.510002 13.969999999999999 0
85122.42 446818.510002 21.52 1
85122.389999 446818.209999 21.509999999999998 1
85122.360001 446817.879997 21.530001 1
85122.32 446817.550003 21.52 1
85122.290001 446817.239998 21.509999999999998 1
85122.26 446816.919998 21.52 1
85122.219999 446816.610001 21.540001 1
85122.190001 446816.309998 21.530001 1
85122.16 446815.989998 21.509999999999998 1
85122.120001 446815.669998 21.52 1
85122.09 446815.330002 21.52 1
85122.049999 446815.029999 21.5 1
85122.02 446814.690002 21.509999999999998 1
85121.99 446814.400002 21.52 1
85121.950001 446814.080002 21.530001 1
85121.92 446813.779999 21.52 1
85121.889999 446813.440002 21.52 1
85121.85 446813.110001 21.5 1
85121.82 446812.800003 21.5 1
85121.780001 446812.480003 21.5 1
85121.75 446812.169998 21.49 1
85121.719999 446811.870003 21.5 1
85121.690001 446811.559998 21.559998999999998 1
85121.639999 446811.209999 21.299999 1
85121.59 446810.860001 21.030001 1
85121.540001 446810.550003 20.809998999999998 1
85121.49 446810.190002 20.540001 1
85121.440001 446809.879997 20.299999 1
85121.389999 446809.550003 20.049999 1
85121.34 446809.239998 19.790001 1
85121.290001 446808.879997 19.559998999999998 1
85121.24 446808.529999 19.299999 1
85121.190001 446808.199997 19.030001 1
85121.139999 446807.860001 18.809998999999998 1
85121.09 446807.529999 18.509999999999998 1
85121.040001 446807.220001 18.299999 1
85120.99 446806.889999 18.07 1
85120.940001 446806.540001 17.790001 1
85120.879999 446806.18 17.49 1
85120.85 446805.870003 17.57 1
85120.84 446805.57 17.919999999999998 1
85120.83 446805.269997 18.24 1
85120.82 446804.989998 18.58 1
85120.809999 446804.699997 18.870001 1
85120.799999 446804.400002 19.25 1
85120.780001 446804.080002 19.57 1
85120.77 446803.800003 19.9 1
85120.76 446803.480003 20.23 1
85120.75 446803.209999 20.59 1
85120.74 446802.919998 20.879998999999998 1
85120.73 446802.639999 21.190001 1
85120.719999 446802.330002 21.57 1
85120.67 446802.0 21.48 1
85120.620001 446801.660004 21.190001 1
85120.57 446801.309998 20.919999999999998 1
85120.52 446800.970001 20.66 1
85120.469999 446800.650002 20.450001 1
85120.42 446800.32 20.190001 1
85120.370001 446799.970001 19.889999 1
85120.309999 446799.610001 19.629998999999998 1
85120.27 446799.290001 19.43 1
85120.209999 446798.93 19.18 1
85120.16 446798.599998 18.919999999999998 1
85120.110001 446798.260002 18.690001 1
85120.059999 446797.93 18.4 1
85120.01 446797.57 18.15 1
85119.959999 446797.220001 17.849999999999998 1
85119.91 446796.879997 17.620001 1
85119.85 446796.529999 17.360001 1
85119.799999 446796.18 17.07 1
85119.75 446795.849998 16.83 1
85119.700001 446795.510002 16.559998999999998 1
85119.639999 446795.150002 16.290001 1
85119.59 446794.779999 16.0 1
85119.540001 446794.449997 15.7 1
85119.51 446794.110001 15.799999999999999 1
85119.379999 446793.940002 13.969999999999999 0
85121.950001 446818.300003 21.509999999999998 1
85121.91 446817.980003 21.49 1
85121.879999 446817.68 21.52 1
85121.85 446817.339996 21.52 1
85121.809999 446817.019997 21.509999999999998 1
85121.780001 446816.709999 21.52 1
85121.75 446816.389999 21.530001 1
85121.709999 446816.07 21.530001 1
85121.68 446815.769997 21.540001 1
85121.65 446815.459999 21.530001 1
85121.610001 446815.129997 21.52 1
85121.58 446814.790001 21.509999999999998 1
85121.540001 446814.5 21.52 1
85121.51 446814.160004 21.509999999999998 1
85121.48 446813.860001 21.509999999999998 1
85121.440001 446813.550003 21.509999999999998 1
85121.41 446813.239998 21.509999999999998 1
85121.370001 446812.910004 21.5 1
85121.34 446812.580002 21.5 1
85121.309999 446812.269997 21.49 1
85121.27 446811.940002 21.49 1
85121.24 446811.629997 21.49 1
85121.209999 446811.339996 21.5 1
85121.18 446811.019997 21.57 1
85121.129999 446810.68 21.360001 1
85121.08 446810.330002 21.120001 1
85121.030001 446810.010002 20.84 1
85120.98 446809.660004 20.59 1
85120.93 446809.349998 20.349999999999998 1
85120.879999 446809.019997 20.139999 1
85120.84 446808.699997 19.889999 1
85120.780001 446808.339996 19.549999 1
85120.73 446808.0 19.349999999999998 1
85120.68 446807.669998 19.099999999999998 1
85120.629999 446807.330002 18.860001 1
85120.58 446806.989998 18.599999999999998 1
85120.530001 446806.68 18.360001 1
85120.48 446806.349998 18.099999999999998 1
85120.43 446806.0 17.860001 1
85120.41 446805.68 18.200001 1
85120.4 446805.400002 18.49 1
85120.389999 446805.080002 18.849999999999998 1
85120.379999 446804.800003 19.209999 1
85120.370001 446804.510002 19.48 1
85120.360001 446804.230003 19.82 1
85120.34 446803.919998 20.16 1
85120.33 446803.610001 20.5 1
85120.32 446803.32 20.82 1
85120.309999 446803.019997 21.190001 1
85120.299999 446802.730003 21.5 1
85120.290001 446802.449997 21.83 1
85120.27 446802.160004 22.049999 1
85120.219999 446801.809998 21.75 1
85120.17 446801.459999 21.540001 1
85120.120001 446801.129997 21.280001 1
85120.059999 446800.769997 21.009999999999998 1
85120.01 446800.440002 20.73 1
85119.959999 446800.120003 20.509999999999998 1
85119.91 446799.790001 20.259999999999998 1
85119.860001 446799.43 19.93 1
85119.809999 446799.080002 19.73 1
85119.76 446798.75 19.450001 1
85119.700001 446798.389999 19.18 1
85119.65 446798.050003 18.919999999999998 1
85119.6 446797.720001 18.66 1
85119.549999 446797.389999 18.440001 1
85119.5 446797.029999 18.15 1
85119.440001 446796.68 17.9 1
85119.389999 446796.339996 17.639999 1
85119.34 446795.980003 17.379998999999998 1
85119.290001 446795.639999 17.129998999999998 1
85119.24 446795.309998 16.889999 1
85119.190001 446794.970001 16.610001 1
85119.129999 446794.599998 16.259999999999998 1
85119.08 446794.239998 16.059998999999998 1
85119.02 446793.900002 15.709999999999999 1
85118.99 446793.559998 15.78 1
85118.860001 446793.389999 13.979999999999999 0
85118.83 446793.089996 13.969999999999999 0
85121.459999 446818.400002 21.419999999999998 0
85121.43 446818.07 21.57 1
85121.4 446817.760002 21.509999999999998 1
85121.360001 446817.449997 21.48 1
85121.33 446817.150002 21.5 1
85121.299999 446816.82 21.52 1
85121.26 446816.489998 21.540001 1
85121.23 446816.18 21.52 1
85121.200001 446815.849998 21.530001 1
85121.16 446815.540001 21.509999999999998 1
85121.129999 446815.239998 21.509999999999998 1
85121.1 446814.93 21.509999999999998 1
85121.059999 446814.599998 21.509999999999998 1
85121.030001 446814.269997 21.509999999999998 1
85120.99 446813.959999 21.52 1
85120.959999 446813.620003 21.509999999999998 1
85120.93 446813.330002 21.5 1
85120.889999 446813.010002 21.49 1
85120.860001 446812.709999 21.49 1
85120.82 446812.370003 21.49 1
85120.790001 446812.050003 21.5 1
85120.76 446811.730003 21.49 1
85120.719999 446811.410004 21.49 1
85120.690001 446811.099998 21.49 1
85120.66 446810.790001 21.49 1
85120.629999 446810.489998 21.530001 1
85120.59 446810.160004 21.5 1
85120.540001 446809.800003 21.219998999999998 1
85120.49 446809.489998 20.959999 1
85120.43 446809.129997 20.709999 1
85120.379999 446808.82 20.450001 1
85120.34 446808.489998 20.219998999999998 1
85120.290001 446808.169998 19.93 1
85120.23 446807.809998 19.690001 1
85120.18 446807.470001 19.459999 1
85120.129999 446807.139999 19.200001 1
85120.08 446806.800003 18.9 1
85120.030001 446806.459999 18.66 1
85119.98 446806.139999 18.4 0
85119.950001 446805.830002 18.43 0
85119.940001 446805.529999 18.790001 1
85119.93 446805.209999 19.16 1
85119.91 446804.93 19.459999 1
85119.9 446804.610001 19.790001 1
85119.889999 446804.330002 20.129998999999998 1
85119.879999 446804.040001 20.440001 1
85119.870001 446803.760002 20.77 1
85119.860001 446803.449997 21.120001 1
85119.84 446803.150002 21.469998999999998 1
85119.83 446802.860001 21.780001 1
85119.82 446802.559998 22.099999999999998 1
85119.809999 446802.269997 22.48 1
85119.77 446801.959999 22.4 1
85119.719999 446801.629997 22.120001 1
85119.67 446801.279999 21.870001 1
85119.620001 446800.919998 21.610001 1
85119.57 446800.599998 21.379998999999998 1
85119.51 446800.239998 21.07 1
85119.459999 446799.919998 20.82 1
85119.41 446799.580002 20.549999 1
85119.370001 446799.260002 20.33 1
85119.309999 446798.889999 20.040001 1
85119.26 446798.550003 19.799999 1
85119.209999 446798.209999 19.559998999999998 1
85119.16 446797.860001 19.309998999999998 1
85119.110001 446797.519997 19.059998999999998 1
85119.049999 446797.199997 18.790001 1
85119.0 446796.849998 18.509999999999998 1
85118.950001 446796.5 18.280001 1
85118.9 446796.139999 18.02 1
85118.84 446795.800003 17.719998999999998 1
85118.790001 446795.440002 17.48 1
85118.74 446795.110001 17.24 1
85118.690001 446794.769997 16.959999 1
85118.639999 446794.440002 16.73 1
85118.59 446794.080002 16.459999 1
85118.530001 446793.709999 16.190001 1
85118.48 446793.379997 15.95 0
85118.43 446793.010002 15.729999999999999 0
85120.93 446818.480003 20.719998999999998 9
85120.91 446818.150002 21.0 9
85120.9 446817.849998 21.259999999999998 9
85120.879999 446817.529999 21.549999 1
85120.85 446817.230003 21.509999999999998 1
85120.809999 446816.919998 21.52 1
85120.780001 446816.620003 21.52 1
85120.75 446816.279999 21.530001 1
85120.709999 446815.959999 21.540001 1
85120.68 446815.639999 21.509999999999998 1
85120.639999 446815.32 21.509999999999998 1
85120.610001 446815.0 21.509999999999998 1
85120.58 446814.699997 21.5 1
85120.549999 446814.389999 21.509999999999998 1
85120.51 446814.07 21.509999999999998 1
85120.48 446813.730003 21.5 1
85120.440001 446813.43 21.49 1
85120.41 446813.089996 21.49 1
85120.370001 446812.790001 21.49 1
85120.34 446812.470001 21.5 1
85120.309999 446812.18 21.509999999999998 1
85120.280001 446811.839996 21.509999999999998 1
85120.24 446811.510002 21.49 1
85120.209999 446811.199997 21.49 1
85120.17 446810.870003 21.48 1
85120.139999 446810.559998 21.48 1
85120.110001 446810.260002 21.49 1
85120.07 446809.940002 21.49 1
85120.040001 446809.629997 21.559998999999998 1
85119.99 446809.269997 21.32 1
85119.940001 446808.959999 21.07 1
85119.889999 446808.610001 20.82 1
85119.84 446808.290001 20.57 1
85119.790001 446807.949997 20.32 1
85119.74 446807.639999 20.09 1
85119.690001 446807.279999 19.77 1
85119.639999 446806.940002 19.58 1
85119.59 446806.610001 19.32 1
85119.540001 446806.260002 19.02 1
85119.49 446805.93 18.780001 1
85119.48 446805.650002 19.110001 1
85119.459999 446805.349998 19.4 1
85119.450001 446805.050003 19.75 1
85119.440001 446804.730003 20.120001 1
85119.43 446804.459999 20.41 1
85119.42 446804.139999 20.77 1
85119.4 446803.870003 21.08 1
85119.389999 446803.57 21.419999999999998 1
85119.379999 446803.290001 21.700001 1
85119.370001 446802.980003 22.09 1
85119.360001 446802.68 22.41 1
85119.35 446802.400002 22.75 1
85119.33 446802.089996 22.99 1
85119.280001 446801.760002 22.74 1
85119.23 446801.43 22.469998999999998 1
85119.18 446801.099998 22.24 1
85119.129999 446800.75 21.950001 1
85119.07 446800.389999 21.68 1
85119.030001 446800.080002 21.49 1
85118.969999 446799.709999 21.200001 1
85118.92 446799.389999 20.950001 1
85118.870001 446799.050003 20.68 1
85118.82 446798.730003 20.450001 1
85118.77 446798.370003 20.190001 1
85118.709999 446798.010002 19.93 1
85118.66 446797.68 19.669999999999998 1
85118.610001 446797.330002 19.389999 1
85118.559999 446796.989998 19.139999 1
85118.51 446796.660004 18.879998999999998 1
85118.459999 446796.32 18.639999 1
85118.41 446795.970001 18.419999999999998 1
85118.35 446795.599998 18.110001 1
85118.299999 446795.269997 17.870001 1
85118.24 446794.900002 17.58 1
85118.190001 446794.57 17.23 1
85118.129999 446794.209999 16.83 1
85118.059999 446793.860001 16.370001 2
85117.98 446793.449997 15.729999999999999 0
85117.950001 446793.129997 15.78 0
85120.459999 446818.269997 20.4 9
85120.450001 446817.949997 20.66 9
85120.43 446817.629997 20.950001 9
85120.41 446817.339996 21.190001 9
85120.4 446817.019997 21.509999999999998 1
85120.370001 446816.720001 21.540001 1
85120.33 446816.400002 21.509999999999998 1
85120.299999 446816.099998 21.5 1
85120.26 446815.760002 21.509999999999998 1
85120.23 446815.440002 21.5 1
85120.200001 446815.129997 21.5 1
85120.16 446814.809998 21.5 1
85120.129999 446814.489998 21.5 1
85120.1 446814.190002 21.5 1
85120.059999 446813.870003 21.49 1
85120.030001 446813.550003 21.49 1
85119.99 446813.209999 21.49 1
85119.959999 446812.910004 21.5 1
85119.93 446812.580002 21.5 1
85119.9 446812.279999 21.509999999999998 1
85119.860001 446811.959999 21.5 1
85119.83 446811.660004 21.509999999999998 1
85119.790001 446811.32 21.49 1
85119.76 446810.989998 21.49 1
85119.790001 446810.739998 22.43 7
85119.73 446810.690002 21.599999999999998 1
85119.75 446810.410004 22.4 7
85119.700001 446810.370003 21.620001 1
85119.66 446810.050003 21.469998999999998 1
85119.620001 446809.75 21.469998999999998 1
85119.59 446809.43 21.5 1
85119.559999 446809.110001 21.58 1
85119.51 446808.760002 21.379998999999998 1
85119.469999 446808.440002 21.120001 1
85119.41 446808.089996 20.860001 1
85119.360001 446807.779999 20.610001 1
85119.32 446807.440002 20.379998999999998 1
85119.27 446807.129997 20.129998999999998 1
85119.209999 446806.769997 19.860001 1
85119.16 446806.419998 19.549999 1
85119.110001 446806.089996 19.309998999999998 1
85119.07 446805.760002 19.309998999999998 1
85119.059999 446805.470001 19.669999999999998 1
85119.049999 446805.190002 19.98 1
85119.040001 446804.900002 20.290001 1
85119.030001 446804.599998 20.639999 1
85119.02 446804.279999 20.98 1
85119.0 446804.0 21.290001 1
85118.99 446803.690002 21.639999 1
85118.98 446803.410004 21.959999 1
85118.969999 446803.120003 22.27 1
85118.959999 446802.849998 22.610001 1
85118.950001 446802.540001 22.950001 1
85118.940001 446802.239998 23.32 1
85118.91 446801.919998 23.33 1
85118.85 446801.580002 23.040001 1
85118.799999 446801.25 22.809998999999998 1
85118.75 446800.919998 22.52 1
85118.700001 446800.589996 22.259999999999998 1
85118.65 446800.239998 21.99 1
85118.6 446799.889999 21.77 1
85118.540001 446799.559998 21.469998999999998 1
85118.49 446799.190002 21.209999 1
85118.440001 446798.879997 21.0 1
85118.389999 446798.529999 20.719998999999998 1
85118.35 446798.220001 20.509999999999998 1
85118.290001 446797.849998 20.23 1
85118.24 446797.510002 19.969998999999998 1
85118.190001 446797.169998 19.759999999999998 1
85118.129999 446796.809998 19.450001 0
85118.08 446796.470001 19.16 0
85118.02 446796.129997 18.780001 2
85117.959999 446795.779999 18.389999 2
85117.889999 446795.400002 17.879998999999998 2
85117.82 446795.010002 17.360001 2
85117.75 446794.669998 16.93 2
85117.690001 446794.279999 16.530001 2
85117.620001 446793.919998 15.979999999999999 2
85117.57 446793.580002 15.76 2
85120.02 446818.330002 19.889999 9
85120.01 446818.050003 20.139999 9
85119.99 446817.739998 20.389999 9
85119.969999 446817.43 20.629998999999998 9
85119.950001 446817.099998 20.889999 9
85119.940001 446816.809998 21.169999999999998 9
85119.93 446816.489998 21.5 0
85119.9 446816.190002 21.559998999999998 1
85119.860001 446815.870003 21.5 1
85119.83 446815.57 21.5 1
85119.790001 446815.239998 21.5 1
85119.76 446814.910004 21.5 1
85119.719999 446814.599998 21.49 1
85119.690001 446814.279999 21.49 1
85119.66 446813.959999 21.49 1
85119.620001 446813.660004 21.49 1
85119.59 446813.339996 21.49 1
85119.559999 446813.019997 21.5 1
85119.52 446812.690002 21.509999999999998 1
85119.49 446812.389999 21.509999999999998 1
85119.450001 446812.050003 21.5 1
85119.42 446811.75 21.49 1
85119.389999 446811.43 21.49 1
85119.360001 446811.129997 21.509999999999998 1
85119.379999 446810.839996 22.389999 7
85119.35 446810.519997 22.4 7
85119.309999 446810.209999 22.389999 7
85119.280001 446809.889999 22.43 0
85119.190001 446809.519997 21.469998999999998 1
85119.16 446809.220001 21.509999999999998 1
85119.120001 446808.900002 21.5 1
85119.09 446808.580002 21.549999 1
85119.040001 446808.230003 21.4 1
85118.99 446807.919998 21.120001 1
85118.940001 446807.559998 20.860001 1
85118.889999 446807.25 20.620001 1
85118.84 446806.919998 20.379998999999998 1
85118.790001 446806.589996 20.099999999999998 1
85118.74 446806.239998 19.860001 1
85118.690001 446805.889999 19.58 1
85118.67 446805.599998 19.879998999999998 1
85118.66 446805.300003 20.209999 1
85118.65 446805.0 20.540001 1
85118.639999 446804.730003 20.84 1
85118.629999 446804.43 21.16 1
85118.620001 446804.129997 21.5 1
85118.6 446803.809998 21.870001 1
85118.59 446803.540001 22.200001 1
85118.58 446803.220001 22.530001 1
85118.57 446802.949997 22.870001 1
85118.559999 446802.660004 23.15 1
85118.549999 446802.389999 23.48 1
85118.530001 446802.07 23.790001 1
85118.48 446801.730003 23.540001 1
85118.43 446801.389999 23.299999 1
85118.379999 446801.050003 23.030001 1
85118.33 446800.709999 22.77 1
85118.280001 446800.400002 22.549999 1
85118.23 446800.059998 22.299999 1
85118.18 446799.720001 22.009999999999998 1
85118.120001 446799.349998 21.759999999999998 1
85118.08 446799.029999 21.540001 1
85118.02 446798.669998 21.259999999999998 1
85117.969999 446798.339996 21.009999999999998 1
85117.92 446798.0 20.690001 1
85117.860001 446797.669998 20.309998999999998 1
85117.790001 446797.290001 19.84 2
85117.719999 446796.919998 19.379998999999998 2
85117.65 446796.550003 18.860001 2
85117.59 446796.18 18.450001 2
85117.530001 446795.830002 18.0 2
85117.459999 446795.480003 17.57 2
85117.4 446795.129997 17.16 2
85117.33 446794.75 16.639999 2
85117.26 446794.360001 16.139999 2
85117.200001 446794.010002 15.69 2
85119.65 446818.410004 19.4 9
85119.629999 446818.099998 19.68 9
85119.620001 446817.790001 19.93 9
85119.6 446817.5 20.190001 9
85119.59 446817.199997 20.459999 9
85119.57 446816.879997 20.719998999999998 9
85119.549999 446816.550003 21.0 9
85119.530001 446816.269997 21.24 9
85119.52 446815.940002 21.540001 0
85119.48 446815.639999 21.52 1
85119.450001 446815.330002 21.5 1
85119.42 446815.029999 21.5 1
85119.379999 446814.690002 21.49 1
85119.35 446814.370003 21.509999999999998 1
85119.309999 446814.050003 21.48 1
85119.280001 446813.730003 21.48 1
85119.25 446813.419998 21.49 1
85119.219999 446813.120003 21.5 1
85119.18 446812.800003 21.49 1
85119.15 446812.480003 21.5 1
85119.110001 446812.139999 21.5 1
85119.08 446811.839996 21.48 1
85119.040001 446811.5 21.48 1
85119.07 446811.25 22.389999 7
85119.02 446811.209999 21.599999999999998 1
85119.040001 446810.940002 22.389999 7
85119.01 446810.639999 22.4 7
85118.969999 446810.300003 22.389999 7
85118.940001 446809.980003 22.4 7
85118.84 446809.610001 21.48 1
85118.809999 446809.279999 21.49 1
85118.780001 446808.970001 21.5 1
85118.74 446808.669998 21.5 1
85118.709999 446808.360001 21.5 1
85118.68 446808.029999 21.559998999999998 1
85118.629999 446807.68 21.33 1
85118.58 446807.370003 21.08 1
85118.530001 446807.010002 20.790001 1
85118.48 446806.690002 20.57 1
85118.43 446806.360001 20.290001 1
85118.379999 446806.040001 20.02 1
85118.34 446805.699997 20.049999 1
85118.33 446805.400002 20.370001 1
85118.32 446805.110001 20.75 1
85118.309999 446804.800003 21.049999 1
85118.299999 446804.510002 21.4 1
85118.290001 446804.239998 21.700001 1
85118.280001 446803.949997 22.040001 1
85118.26 446803.650002 22.379998999999998 1
85118.25 446803.330002 22.709999 1
85118.24 446803.050003 23.0 1
85118.23 446802.739998 23.389999 1
85118.219999 446802.470001 23.709999 1
85118.209999 446802.18 24.02 1
85118.18 446801.879997 24.059998999999998 1
85118.120001 446801.519997 23.74 1
85118.07 446801.169998 23.450001 1
85118.02 446800.839996 23.209999 1
85117.969999 446800.5 22.98 1
85117.92 446800.160004 22.75 1
85117.870001 446799.839996 22.469998999999998 1
85117.809999 446799.5 22.200001 2
85117.75 446799.139999 21.77 2
85117.690001 446798.769997 21.34 2
85117.620001 446798.43 20.889999 2
85117.549999 446798.050003 20.43 2
85117.49 446797.699997 19.959999 2
85117.43 446797.349998 19.530001 2
85117.370001 446797.010002 19.139999 2
85117.299999 446796.629997 18.65 2
85117.23 446796.25 18.15 2
85117.16 446795.889999 17.709999 2
85117.1 446795.519997 17.24 2
85117.040001 446795.169998 16.860001 2
85116.959999 446794.809998 16.290001 2
85116.9 446794.440002 15.809999999999999 2
85116.860001 446794.110001 15.77 2
85119.35 446818.480003 19.040001 9
85119.33 446818.169998 19.299999 9
85119.32 446817.860001 19.530001 9
85119.299999 446817.550003 19.83 9
85119.280001 446817.239998 20.059998999999998 9
85119.27 446816.949997 20.349999999999998 9
85119.25 446816.650002 20.58 9
85119.23 446816.330002 20.879998999999998 9
85119.209999 446816.010002 21.139999 9
85119.200001 446815.720001 21.41 9
85119.18 446815.389999 21.57 1
85119.139999 446815.089996 21.5 1
85119.1 446814.769997 21.5 1
85119.07 446814.470001 21.49 1
85119.040001 446814.129997 21.49 1
85119.0 446813.809998 21.49 1
85118.969999 446813.5 21.5 1
85118.93 446813.18 21.48 1
85118.9 446812.860001 21.49 1
85118.870001 446812.559998 21.469998999999998 1
85118.84 446812.25 21.49 1
85118.799999 446811.919998 21.49 1
85118.77 446811.580002 21.49 1
85118.74 446811.279999 21.49 1
85118.76 446811.0 22.41 7
85118.700001 446810.949997 21.49 1
85118.73 446810.699997 22.389999 7
85118.690001 446810.389999 22.4 7
85118.66 446810.089996 22.41 7
85118.6 446810.029999 21.48 1
85118.57 446809.690002 21.48 1
85118.530001 446809.370003 21.49 1
85118.5 446809.050003 21.5 1
85118.469999 446808.730003 21.5 1
85118.43 446808.419998 21.49 1
85118.4 446808.120003 21.48 1
85118.370001 446807.800003 21.540001 1
85118.33 446807.480003 21.49 1
85118.280001 446807.120003 21.190001 1
85118.23 446806.800003 20.93 1
85118.17 446806.440002 20.629998999999998 1
85118.120001 446806.129997 20.4 1
85118.08 446805.800003 20.169999999999998 0
85118.059999 446805.519997 20.469998999999998 1
85118.049999 446805.199997 20.849999999999998 1
85118.040001 446804.900002 21.200001 1
85118.030001 446804.599998 21.530001 1
85118.02 446804.309998 21.849999999999998 1
85118.01 446804.010002 22.169999999999998 1
85117.99 446803.739998 22.48 1
85117.98 446803.449997 22.82 1
85117.969999 446803.150002 23.129998999999998 1
85117.959999 446802.839996 23.509999999999998 1
85117.950001 446802.559998 23.82 1
85117.940001 446802.25 24.139999 0
85117.92 446801.970001 24.370001 0
85117.870001 446801.639999 24.120001 1
85117.82 446801.32 23.879998999999998 1
85117.77 446800.959999 23.599999999999998 1
85117.709999 446800.610001 23.280001 2
85117.65 446800.260002 22.879998999999998 2
85117.58 446799.900002 22.41 2
85117.52 446799.540001 21.98 2
85117.459999 446799.220001 21.57 2
85117.4 446798.860001 21.120001 2
85117.33 446798.5 20.669999999999998 2
85117.27 446798.120003 20.219998999999998 2
85117.200001 446797.769997 19.790001 2
85117.139999 446797.400002 19.4 2
85117.07 446797.050003 18.889999 2
85117.01 446796.699997 18.530001 2
85116.950001 446796.349998 18.030001 2
85116.879999 446795.970001 17.549999 2
85116.809999 446795.599998 17.09 2
85116.75 446795.239998 16.65 2
85116.68 446794.860001 16.15 2
85116.610001 446794.489998 15.7 2
85119.1 446818.279999 18.940001 9
85119.08 446817.949997 19.209999 9
85119.059999 446817.629997 19.469998999999998 9
85119.040001 446817.330002 19.74 9
85119.030001 446817.019997 20.030001 9
85119.01 446816.709999 20.25 9
85118.99 446816.43 20.509999999999998 9
85118.98 446816.120003 20.780001 9
85118.959999 446815.800003 21.040001 9
85118.940001 446815.480003 21.34 9
85118.92 446815.190002 21.559998999999998 9
85118.879999 446814.849998 21.5 1
85118.85 446814.550003 21.48 1
85118.82 446814.239998 21.49 1
85118.790001 446813.940002 21.49 1
85118.75 446813.599998 21.49 1
85118.719999 446813.269997 21.48 1
85118.68 446812.959999 21.49 1
85118.65 446812.639999 21.49 1
85118.620001 446812.32 21.49 1
85118.59 446812.029999 21.49 1
85118.549999 446811.709999 21.5 1
85118.52 446811.389999 21.49 1
85118.48 446811.050003 21.48 1
85118.450001 446810.739998 21.48 1
85118.469999 446810.459999 22.41 7
85118.379999 446810.110001 21.49 1
85118.35 446809.800003 21.49 1
85118.32 446809.5 21.49 1
85118.280001 446809.160004 21.5 1
85118.25 446808.839996 21.49 1
85118.209999 446808.519997 21.49 1
85118.18 446808.190002 21.48 1
85118.15 446807.879997 21.49 1
85118.120001 446807.580002 21.5 1
85118.08 446807.269997 21.540001 1
85118.030001 446806.93 21.209999 1
85117.98 446806.57 20.99 1
85117.93 446806.25 20.709999 1
85117.870001 446805.889999 20.4 0
85117.85 446805.599998 20.59 1
85117.84 446805.309998 20.98 1
85117.83 446805.029999 21.23 1
85117.82 446804.720001 21.599999999999998 1
85117.809999 446804.419998 21.940001 1
85117.790001 446804.129997 22.24 1
85117.780001 446803.82 22.57 1
85117.77 446803.529999 22.919999999999998 1
85117.76 446803.260002 23.24 1
85117.75 446802.970001 23.540001 1
85117.74 446802.669998 23.879998999999998 1
85117.719999 446802.360001 24.23 1
85117.709999 446802.089996 24.559998999999998 0
85117.67 446801.739998 24.4 0
85117.610001 446801.410004 24.040001 2
85117.549999 446801.059998 23.669999999999998 2
85117.49 446800.730003 23.209999 2
85117.42 446800.349998 22.73 2
85117.360001 446799.989998 22.299999 2
85117.290001 446799.639999 21.860001 2
85117.23 446799.279999 21.43 2
85117.17 446798.93 21.0 2
85117.110001 446798.589996 20.610001 2
85117.040001 446798.230003 20.110001 2
85116.98 446797.870003 19.68 2
85116.92 446797.489998 19.299999 2
85116.85 446797.150002 18.83 2
85116.780001 446796.760002 18.309998999999998 2
85116.719999 446796.43 17.91 2
85116.65 446796.059998 17.43 2
85116.59 446795.720001 17.049999 2
85116.52 446795.330002 16.57 2
85116.450001 446794.949997 16.009999999999998 2
85116.4 446794.599998 15.729999999999999 2
85118.780001 446818.339996 18.57 9
85118.76 446818.029999 18.799999 9
85118.75 446817.739998 19.07 9
85118.73 446817.410004 19.32 9
85118.709999 446817.089996 19.599999999999998 9
85118.690001 446816.790001 19.84 9
85118.68 446816.480003 20.110001 9
85118.66 446816.18 20.379998999999998 9
85118.639999 446815.879997 20.620001 9
85118.629999 446815.580002 20.879998999999998 9
85118.610001 446815.269997 21.139999 9
85118.59 446814.940002 21.48 9
85118.57 446814.650002 21.549999 1
85118.530001 446814.309998 21.49 1
85118.5 446814.010002 21.49 1
85118.459999 446813.699997 21.48 1
85118.43 446813.400002 21.48 1
85118.389999 446813.059998 21.49 1
85118.360001 446812.730003 21.469998999999998 1
85118.33 446812.419998 21.48 1
85118.290001 446812.089996 21.49 1
85118.26 446811.779999 21.49 1
85118.23 446811.480003 21.49 1
85118.190001 446811.169998 21.48 1
85118.16 446810.839996 21.48 1
85118.120001 446810.510002 21.5 1
85118.09 446810.199997 21.48 1
85118.059999 446809.860001 21.49 1
85118.02 446809.57 21.48 1
85117.99 446809.260002 21.549999 1
85117.98 446808.980003 21.84 1
85117.92 446808.620003 21.49 1
85117.889999 446808.290001 21.469998999999998 1
85117.860001 446807.970001 21.49 1
85117.82 446807.650002 21.49 1
85117.790001 446807.330002 21.48 1
85117.76 446807.040001 21.549999 1
85117.719999 446806.720001 21.419999999999998 1
85117.67 446806.379997 21.169999999999998 1
85117.610001 446806.019997 20.84 0
85117.57 446805.709999 20.73 0
85117.559999 446805.389999 21.129998999999998 1
85117.549999 446805.110001 21.41 1
85117.540001 446804.82 21.74 1
85117.530001 446804.550003 22.07 1
85117.51 446804.230003 22.41 1
85117.5 446803.93 22.74 1
85117.49 446803.639999 23.09 1
85117.48 446803.339996 23.4 1
85117.459999 446803.050003 23.719998999999998 1
85117.450001 446802.769997 24.02 1
85117.440001 446802.489998 24.34 1
85117.43 446802.190002 24.65 0
85117.370001 446801.82 24.24 2
85117.309999 446801.489998 23.83 2
85117.24 446801.110001 23.34 2
85117.18 446800.779999 22.950001 2
85117.120001 446800.43 22.58 2
85117.059999 446800.099998 22.16 2
85116.99 446799.730003 21.73 2
85116.93 446799.370003 21.27 2
85116.870001 446799.010002 20.799999 2
85116.799999 446798.639999 20.290001 2
85116.74 446798.290001 19.91 2
85116.67 446797.949997 19.5 2
85116.620001 446797.599998 19.16 2
85116.549999 446797.230003 18.610001 2
85116.48 446796.839996 18.110001 2
85116.42 446796.510002 17.73 2
85116.35 446796.120003 17.24 2
85116.290001 446795.769997 16.83 2
85116.219999 446795.410004 16.360001 2
85116.139999 446795.040001 15.739999999999998 2
85116.110001 446794.699997 15.79 2
85118.389999 446818.389999 18.08 9
85118.370001 446818.059998 18.33 9
85118.35 446817.769997 18.639999 9
85118.33 446817.459999 18.849999999999998 9
85118.32 446817.169998 19.099999999999998 9
85118.299999 446816.849998 19.360001 9
85118.280001 446816.529999 19.65 9
85118.26 446816.230003 19.9 9
85118.25 446815.910004 20.16 9
85118.23 446815.610001 20.459999 9
85118.209999 446815.32 20.669999999999998 9
85118.200001 446815.019997 20.950001 9
85118.18 446814.709999 21.23 9
85118.16 446814.379997 21.509999999999998 1
85118.129999 446814.080002 21.530001 1
85118.09 446813.739998 21.49 1
85118.059999 446813.440002 21.49 1
85118.030001 446813.129997 21.49 1
85118.0 446812.830002 21.48 1
85117.959999 446812.489998 21.48 1
85117.93 446812.169998 21.48 1
85117.889999 446811.860001 21.49 1
85117.860001 446811.529999 21.49 1
85117.83 446811.209999 21.48 1
85117.790001 446810.919998 21.5 1
85117.76 446810.599998 21.49 1
85117.73 446810.279999 21.5 1
85117.690001 446809.940002 21.49 1
85117.66 446809.639999 21.5 1
85117.65 446809.32 21.84 1
85117.620001 446809.029999 21.9 8
85117.58 446808.709999 21.860001 0
85117.540001 446808.400002 21.639999 0
85117.49 446808.050003 21.48 1
85117.450001 446807.720001 21.48 1
85117.42 446807.410004 21.49 1
85117.389999 446807.080002 21.48 1
85117.35 446806.769997 21.48 1
85117.33 446806.470001 21.559998999999998 1
85117.280001 446806.150002 21.370001 1
85117.219999 446805.800003 21.030001 0
85117.209999 446805.480003 21.309998999999998 1
85117.200001 446805.199997 21.66 1
85117.18 446804.889999 21.99 1
85117.18 446804.610001 22.34 1
85117.16 446804.32 22.620001 1
85117.15 446804.040001 22.959999 1
85117.139999 446803.730003 23.290001 1
85117.129999 446803.43 23.629998999999998 1
85117.110001 446803.139999 23.950001 1
85117.1 446802.849998 24.290001 1
85117.09 446802.559998 24.610001 1
85117.049999 446802.239998 24.4 2
85116.98 446801.900002 24.0 2
85116.92 446801.540001 23.509999999999998 2
85116.85 446801.160004 23.08 2
85116.790001 446800.82 22.620001 2
85116.719999 446800.449997 22.200001 2
85116.66 446800.120003 21.75 2
85116.6 446799.769997 21.349999999999998 2
85116.540001 446799.43 20.940001 2
85116.469999 446799.050003 20.48 2
85116.41 446798.690002 20.0 2
85116.34 446798.330002 19.559998999999998 2
85116.219999 446797.620003 18.77 2
85116.16 446797.269997 18.299999 2
85116.09 446796.919998 17.860001 2
85116.030001 446796.550003 17.43 2
85115.96 446796.150002 16.889999 2
85115.9 446795.82 16.509999999999998 2
85115.82 446795.419998 15.94 2
85115.78 446795.099998 15.76 2
85117.92 446818.459999 17.469998999999998 9
85117.9 446818.129997 17.780001 9
85117.879999 446817.839996 17.99 9
85117.870001 446817.510002 18.290001 9
85117.85 446817.209999 18.57 9
85117.83 446816.910004 18.809998999999998 9
85117.82 446816.620003 19.059998999999998 9
85117.799999 446816.290001 19.32 9
85117.780001 446815.980003 19.610001 9
85117.76 446815.669998 19.849999999999998 9
85117.75 446815.360001 20.129998999999998 9
85117.73 446815.059998 20.41 9
85117.709999 446814.769997 20.639999 9
85117.700001 446814.459999 20.870001 9
85117.68 446814.150002 21.15 9
85117.66 446813.830002 21.469998999999998 1
85117.639999 446813.540001 21.540001 1
85117.6 446813.199997 21.49 1
85117.57 446812.900002 21.5 1
85117.530001 446812.580002 21.48 1
85117.5 446812.279999 21.48 1
85117.459999 446811.940002 21.48 1
85117.43 446811.620003 21.48 1
85117.4 446811.300003 21.49 1
85117.360001 446810.980003 21.49 1
85117.33 446810.669998 21.49 1
85117.299999 446810.370003 21.49 1
85117.26 446810.050003 21.49 1
85117.25 446809.75 21.860001 1
85117.219999 446809.410004 21.870001 8
85116.959999 446809.18 17.940001 0
85117.190001 446809.120003 21.889999 8
85117.15 446808.779999 21.83 8
85117.09 446808.449997 21.48 1
85117.059999 446808.139999 21.48 1
85117.030001 446807.839996 21.48 1
85116.99 446807.489998 21.49 1
85116.959999 446807.169998 21.469998999999998 1
85116.92 446806.849998 21.469998999999998 1
85116.889999 446806.540001 21.469998999999998 1
85116.860001 446806.220001 21.48 1
85116.83 446805.93 21.540001 0
85116.790001 446805.610001 21.509999999999998 1
85116.780001 446805.309998 21.889999 1
85116.77 446804.989998 22.23 1
85116.76 446804.709999 22.57 1
85116.75 446804.400002 22.93 1
85116.74 446804.129997 23.23 1
85116.73 446803.839996 23.559998999999998 1
85116.709999 446803.559998 23.849999999999998 1
85116.700001 446803.25 24.219998999999998 1
85116.690001 446802.949997 24.540001 1
85116.65 446802.629997 24.49 2
85116.58 446802.269997 23.99 2
85116.52 446801.93 23.58 2
85116.459999 446801.599998 23.16 2
85116.4 446801.25 22.709999 2
85116.33 446800.889999 22.259999999999998 2
85116.27 446800.510002 21.83 2
85116.209999 446800.18 21.43 2
85116.08 446799.470001 20.59 2
85116.02 446799.120003 20.129998999999998 2
85115.96 446798.779999 19.719998999999998 2
85115.89 446798.400002 19.27 2
85115.82 446798.029999 18.77 2
85115.77 446797.68 18.41 2
85115.7 446797.300003 17.93 2
85115.63 446796.940002 17.440001 2
85115.57 446796.610001 17.07 2
85115.43 446795.870003 16.049999 2
85115.37 446795.489998 15.719999999999999 2
85117.450001 446818.529999 16.93 9
85117.43 446818.220001 17.190001 9
85117.41 446817.910004 17.41 9
85117.389999 446817.57 17.759999999999998 9
85117.379999 446817.279999 18.0 9
85117.360001 446816.949997 18.25 9
85117.34 446816.660004 18.52 9
85117.32 446816.360001 18.759999999999998 9
85117.309999 446816.07 19.0 9
85117.290001 446815.739998 19.27 9
85117.27 446815.43 19.59 9
85117.26 446815.120003 19.849999999999998 9
85117.24 446814.809998 20.139999 9
85117.219999 446814.5 20.309998999999998 9
85117.200001 446814.220001 20.59 9
85117.190001 446813.919998 20.879998999999998 9
85117.17 446813.610001 21.099999999999998 9
85117.15 446813.290001 21.440001 1
85117.129999 446812.989998 21.559998999999998 1
85117.09 446812.650002 21.5 1
85117.059999 446812.339996 21.48 1
85117.02 446812.029999 21.48 1
85116.99 446811.739998 21.48 1
85116.959999 446811.400002 21.48 1
85116.92 446811.07 21.49 1
85116.889999 446810.760002 21.49 1
85116.860001 446810.43 21.49 1
85116.84 446810.129997 21.780001 0
85116.809999 446809.839996 21.83 8
85116.780001 446809.529999 21.9 8
85116.74 446809.199997 21.809998999999998 8
85116.68 446808.839996 21.49 1
85116.65 446808.550003 21.49 1
85116.620001 446808.209999 21.49 1
85116.58 446807.900002 21.469998999999998 1
85116.549999 446807.589996 21.469998999999998 1
85116.52 446807.279999 21.469998999999998 1
85116.48 446806.949997 21.469998999999998 1
85116.450001 446806.629997 21.48 1
85116.42 446806.309998 21.48 1
85116.389999 446805.989998 21.549999 1
85116.370001 446805.690002 21.83 1
85116.360001 446805.419998 22.16 1
85116.35 446805.120003 22.49 1
85116.34 446804.830002 22.83 1
85116.32 446804.510002 23.190001 1
85116.32 446804.239998 23.52 1
85116.299999 446803.919998 23.82 1
85116.290001 446803.650002 24.18 1
85116.280001 446803.360001 24.49 1
85116.25 446803.07 24.59 0
85116.18 446802.690002 24.09 2
85116.120001 446802.330002 23.639999 2
85116.059999 446801.989998 23.23 2
85115.99 446801.629997 22.73 2
85115.93 446801.290001 22.370001 2
85115.87 446800.949997 21.940001 2
85115.81 446800.599998 21.509999999999998 2
85115.74 446800.239998 21.08 2
85115.68 446799.860001 20.610001 2
85115.62 446799.529999 20.219998999999998 2
85115.55 446799.150002 19.74 2
85115.43 446798.459999 18.91 2
85115.36 446798.120003 18.459999 2
85115.3 446797.730003 18.040001 2
85115.23 446797.360001 17.59 2
85115.16 446797.0 17.08 2
85115.1 446796.639999 16.669999999999998 2
85115.04 446796.279999 16.259999999999998 2
85114.97 446795.93 15.69 2
85116.879999 446818.260002 16.509999999999998 9
85116.870001 446817.970001 16.790001 9
85116.85 446817.669998 17.02 9
85116.83 446817.349998 17.32 9
85116.809999 446817.019997 17.610001 9
85116.799999 446816.730003 17.849999999999998 9
85116.780001 446816.400002 18.110001 9
85116.76 446816.110001 18.379998999999998 9
85116.75 446815.800003 18.629998999999998 9
85116.73 446815.519997 18.91 9
85116.709999 446815.190002 19.18 9
85116.690001 446814.879997 19.459999 9
85116.68 446814.57 19.700001 9
85116.66 446814.260002 20.0 9
85116.639999 446813.949997 20.24 9
85116.629999 446813.669998 20.469998999999998 9
85116.610001 446813.370003 20.709999 9
85116.59 446813.059998 21.0 9
85116.57 446812.730003 21.259999999999998 9
85116.559999 446812.449997 21.540001 1
85116.52 446812.099998 21.5 1
85116.49 446811.800003 21.48 1
85116.450001 446811.489998 21.49 1
85116.42 446811.190002 21.48 1
85116.389999 446810.849998 21.5 1
85116.35 446810.529999 21.469998999999998 1
85116.32 446810.220001 21.559998999999998 1
85116.309999 446809.919998 21.889999 1
85116.27 446809.589996 21.799999 8
85116.219999 446809.269997 21.49 8
85116.190001 446808.959999 21.49 1
85116.15 446808.639999 21.5 1
85116.120001 446808.300003 21.48 1
85116.08 446808.0 21.469998999999998 1
85116.049999 446807.660004 21.48 1
85116.01 446807.360001 21.48 1
85115.98 446807.040001 21.48 1
85115.95 446806.739998 21.49 1
85115.91 446806.400002 21.5 1
85115.9 446806.099998 21.809998999999998 1
85115.89 446805.809998 22.169999999999998 1
85115.88 446805.510002 22.52 1
85115.87 446805.220001 22.860001 1
85115.86 446804.940002 23.15 1
85115.84 446804.650002 23.469998999999998 1
85115.83 446804.349998 23.82 1
85115.82 446804.040001 24.16 1
85115.81 446803.769997 24.5 0
85115.78 446803.440002 24.549999 2
85115.71 446803.099998 24.049999 2
85115.66 446802.760002 23.68 2
85115.59 446802.419998 23.24 2
85115.53 446802.050003 22.799999 2
85115.46 446801.690002 22.32 2
85115.4 446801.339996 21.940001 2
85115.34 446800.980003 21.48 2
85115.27 446800.639999 21.07 2
85115.21 446800.300003 20.669999999999998 2
85115.15 446799.949997 20.24 2
85115.08 446799.580002 19.77 2
85114.89 446798.480003 18.43 2
85114.83 446798.150002 18.0 2
85114.76 446797.790001 17.530001 2
85114.7 446797.449997 17.169999999999998 2
85114.64 446797.059998 16.719998999999998 2
85114.57 446796.690002 16.219998999999998 2
85114.49 446796.32 15.69 2
85116.379999 446818.309998 15.899999999999999 9
85116.360001 446818.0 16.209999 9
85116.35 446817.690002 16.48 9
85116.33 446817.400002 16.74 9
85116.32 446817.089996 17.049999 9
85116.290001 446816.769997 17.259999999999998 9
85116.280001 446816.449997 17.549999 9
85116.26 446816.160004 17.799999 9
85116.24 446815.82 18.040001 9
85116.23 446815.540001 18.309998999999998 9
85116.209999 446815.230003 18.610001 9
85116.200001 446814.940002 18.860001 9
85116.18 446814.620003 19.129998999999998 9
85116.16 446814.300003 19.379998999999998 9
85116.139999 446814.0 19.629998999999998 9
85116.129999 446813.690002 19.93 9
85116.110001 446813.389999 20.16 9
85116.09 446813.099998 20.41 9
85116.08 446812.790001 20.669999999999998 9
85116.059999 446812.489998 20.950001 9
85116.040001 446812.160004 21.219998999999998 9
85116.030001 446811.879997 21.5 1
85115.99 446811.540001 21.509999999999998 1
85115.96 446811.239998 21.5 1
85115.93 446810.919998 21.5 1
85115.89 446810.620003 21.49 1
85115.86 446810.290001 21.530001 1
85115.82 446809.959999 21.49 1
85115.79 446809.639999 21.48 1
85115.75 446809.32 21.469998999999998 1
85115.72 446809.010002 21.469998999999998 1
85115.69 446808.709999 21.49 1
85115.66 446808.389999 21.48 1
85115.62 446808.07 21.469998999999998 1
85115.58 446807.730003 21.48 1
85115.55 446807.43 21.48 1
85115.52 446807.089996 21.469998999999998 1
85115.49 446806.790001 21.5 1
85115.47 446806.5 21.83 1
85115.46 446806.220001 22.07 1
85115.45 446805.900002 22.440001 1
85115.44 446805.599998 22.809998999999998 1
85115.43 446805.309998 23.129998999999998 1
85115.41 446805.010002 23.450001 1
85115.4 446804.720001 23.799999 1
85115.39 446804.449997 24.110001 1
85115.38 446804.160004 24.459999 0
85115.36 446803.849998 24.58 2
85115.29 446803.470001 24.09 2
85115.23 446803.139999 23.709999 2
85115.16 446802.769997 23.18 2
85115.11 446802.440002 22.879998999999998 2
85115.04 446802.089996 22.389999 2
85114.98 446801.760002 22.0 2
85114.91 446801.379997 21.469998999999998 2
85114.84 446801.019997 21.059998999999998 2
85114.78 446800.669998 20.66 2
85114.72 446800.309998 20.219998999999998 2
85114.65 446799.959999 19.780001 2
85114.6 446799.629997 19.440001 2
85114.53 446799.269997 18.959999 2
85114.47 446798.910004 18.5 2
85114.4 446798.519997 18.0 2
85114.34 446798.18 17.629998999999998 2
85114.21 446797.459999 16.709999 2
85114.14 446797.099998 16.280001 2
85114.07 446796.739998 15.69 2
85115.98 446818.379997 15.719999999999999 9
85115.95 446818.059998 15.7 9
85115.93 446817.75 15.959999999999999 9
85115.92 446817.43 16.280001 9
85115.9 446817.120003 16.509999999999998 9
85115.88 446816.830002 16.709999 9
85115.86 446816.519997 17.009999999999998 9
85115.85 446816.209999 17.34 9
85115.83 446815.879997 17.57 9
85115.81 446815.589996 17.83 9
85115.79 446815.260002 18.08 9
85115.78 446814.970001 18.360001 9
85115.76 446814.669998 18.639999 9
85115.75 446814.379997 18.9 9
85115.73 446814.050003 19.139999 9
85115.71 446813.739998 19.419999999999998 9
85115.69 446813.43 19.68 9
85115.67 446813.129997 19.93 9
85115.66 446812.82 20.209999 9
85115.64 446812.540001 20.440001 9
85115.63 446812.230003 20.690001 9
85115.61 446811.919998 20.98 9
85115.59 446811.599998 21.25 9
85115.58 446811.309998 21.52 1
85115.54 446810.980003 21.5 1
85115.51 446810.68 21.5 1
85115.47 446810.360001 21.49 1
85115.44 446810.059998 21.469998999999998 1
85115.41 446809.720001 21.509999999999998 1
85115.37 446809.389999 21.469998999999998 1
85115.34 446809.080002 21.469998999999998 1
85115.3 446808.760002 21.5 1
85115.27 446808.449997 21.559998999999998 1
85115.24 446808.150002 21.49 1
85115.2 446807.830002 21.49 1
85115.17 446807.5 21.49 1
85115.13 446807.169998 21.5 1
85115.12 446806.879997 21.709999 1
85115.1 446806.559998 22.02 1
85115.09 446806.279999 22.360001 1
85115.08 446806.0 22.719998999999998 1
85115.07 446805.720001 23.040001 1
85115.06 446805.410004 23.370001 1
85115.05 446805.099998 23.690001 1
85115.04 446804.809998 24.030001 1
85115.02 446804.510002 24.370001 1
85115.01 446804.220001 24.629998999999998 2
85114.95 446803.889999 24.209999 2
85114.89 446803.550003 23.849999999999998 2
85114.82 446803.190002 23.34 2
85114.69 446802.489998 22.48 2
85114.63 446802.110001 22.059998999999998 2
85114.57 446801.779999 21.66 2
85114.51 446801.440002 21.25 2
85114.45 446801.099998 20.799999 2
85114.38 446800.730003 20.349999999999998 2
85114.32 446800.370003 19.919999999999998 2
85114.25 446800.010002 19.450001 2
85114.19 446799.650002 19.040001 2
85114.12 446799.290001 18.620001 2
85114.06 446798.949997 18.18 2
85113.93 446798.230003 17.280001 2
85113.86 446797.849998 16.83 2
85113.8 446797.510002 16.41 2
85113.72 446797.110001 15.76 2
85113.69 446796.800003 15.77 2
85115.63 446817.809998 15.76 9
85115.52 446817.739998 13.979999999999999 14
85115.6 446817.480003 15.729999999999999 9
85115.59 446817.18 16.110001 9
85115.57 446816.860001 16.360001 9
85115.55 446816.559998 16.669999999999998 9
85115.54 446816.269997 16.860001 9
85115.52 446815.959999 17.18 9
85115.51 446815.650002 17.469998999999998 9
85115.49 446815.32 17.75 9
85115.47 446815.019997 17.98 9
85115.45 446814.699997 18.259999999999998 9
85115.44 446814.410004 18.530001 9
85115.42 446814.110001 18.759999999999998 9
85115.4 446813.82 19.009999999999998 9
85115.38 446813.489998 19.299999 9
85115.37 446813.18 19.58 9
85115.35 446812.870003 19.870001 9
85115.33 446812.559998 20.099999999999998 9
85115.32 446812.260002 20.360001 9
85115.3 446811.980003 20.57 9
85115.28 446811.68 20.84 9
85115.27 446811.370003 21.120001 9
85115.25 446811.050003 21.41 9
85115.23 446810.75 21.57 1
85115.19 446810.410004 21.49 1
85115.15 446810.099998 21.469998999999998 1
85115.12 446809.790001 21.469998999999998 1
85115.09 446809.5 21.469998999999998 1
85115.05 446809.160004 21.469998999999998 1
85115.02 446808.839996 21.559998999999998 1
85115.15 446808.68 23.98 0
85115.04 446808.580002 22.360001 0
85114.99 446808.529999 21.57 1
85114.95 446808.199997 21.540001 1
85114.92 446807.879997 21.49 1
85114.89 446807.580002 21.49 1
85114.85 446807.269997 21.509999999999998 1
85114.84 446806.970001 21.83 1
85114.83 446806.650002 22.219998999999998 1
85114.82 446806.379997 22.549999 1
85114.81 446806.059998 22.889999 1
85114.8 446805.779999 23.200001 1
85114.79 446805.489998 23.52 1
85114.77 446805.209999 23.83 1
85114.76 446804.900002 24.190001 1
85114.75 446804.610001 24.549999 0
85114.71 446804.290001 24.469998999999998 2
85114.64 446803.93 23.950001 2
85114.58 446803.580002 23.540001 2
85114.52 446803.25 23.110001 2
85114.46 446802.900002 22.74 2
85114.4 446802.550003 22.33 2
85114.33 446802.169998 21.84 2
85114.27 446801.849998 21.43 2
85114.21 446801.470001 21.0 2
85114.14 446801.129997 20.540001 2
85114.02 446800.449997 19.780001 2
85113.96 446800.07 19.309998999999998 2
85113.89 446799.699997 18.809998999999998 2
85113.82 446799.349998 18.370001 2
85113.76 446798.989998 17.950001 2
85113.7 446798.639999 17.509999999999998 2
85113.63 446798.290001 17.07 2
85113.56 446797.919998 16.57 2
85113.5 446797.559998 16.18 2
85113.43 446797.169998 15.7 2
85115.31 446817.589996 15.77 9
85115.2 446817.519997 13.969999999999999 14
85115.27 446817.239998 15.7 9
85115.26 446816.93 16.009999999999998 9
85115.24 446816.629997 16.290001 9
85115.22 446816.309998 16.52 9
85115.21 446816.010002 16.790001 9
85115.19 446815.709999 17.059998999999998 9
85115.17 446815.410004 17.33 9
85115.15 446815.089996 17.57 9
85115.14 446814.760002 17.889999 9
85115.12 446814.470001 18.099999999999998 9
85115.1 446814.139999 18.389999 9
85115.09 446813.860001 18.669999999999998 9
85115.07 446813.550003 18.889999 9
85115.05 446813.260002 19.169999999999998 9
85115.04 446812.940002 19.469998999999998 9
85115.02 446812.629997 19.709999 9
85115.0 446812.32 19.959999 9
85114.99 446812.010002 20.23 9
85114.97 446811.709999 20.450001 9
85114.95 446811.43 20.700001 9
85114.94 446811.129997 20.98 9
85114.92 446810.82 21.23 9
85114.9 446810.489998 21.52 1
85114.87 446810.190002 21.48 1
85114.83 446809.849998 21.469998999999998 1
85114.8 446809.550003 21.469998999999998 1
85114.76 446809.239998 21.459999 1
85114.73 446808.940002 21.469998999999998 1
85114.62 446808.839996 19.809998999999998 0
85114.7 446808.599998 21.509999999999998 1
85114.66 446808.269997 21.469998999999998 1
85114.63 446807.959999 21.469998999999998 1
85114.59 446807.629997 21.48 1
85114.57 446807.330002 21.690001 1
85114.56 446807.059998 22.0 1
85114.55 446806.769997 22.34 1
85114.54 446806.459999 22.669999999999998 1
85114.53 446806.150002 22.98 1
85114.52 446805.870003 23.33 1
85114.5 446805.559998 23.700001 1
85114.49 446805.279999 24.009999999999998 1
85114.48 446804.989998 24.309998999999998 1
85114.47 446804.709999 24.620001 0
85114.41 446804.349998 24.209999 2
85114.34 446804.0 23.790001 2
85114.28 446803.650002 23.379998999999998 2
85114.22 446803.290001 22.93 2
85114.15 446802.940002 22.5 2
85114.09 446802.610001 22.09 2
85114.03 446802.269997 21.669999999999998 2
85113.97 446801.900002 21.18 2
85113.9 446801.529999 20.759999999999998 2
85113.84 446801.199997 20.379998999999998 2
85113.77 446800.82 19.9 2
85113.65 446800.129997 19.059998999999998 2
85113.59 446799.790001 18.65 2
85113.52 446799.419998 18.18 2
85113.46 446799.050003 17.719998999999998 2
85113.39 446798.690002 17.219998999999998 2
85113.33 446798.330002 16.799999 2
85113.26 446797.970001 16.379998999999998 2
85113.19 446797.610001 15.86 2
85113.15 446797.290001 15.75 2
85113.03 446797.129997 13.969999999999999 5
85114.87 446817.239998 13.969999999999999 14
85114.95 446817.010002 15.76 9
85114.92 446816.669998 15.78 9
85114.9 446816.349998 16.099999999999998 9
85114.89 446816.050003 16.41 9
85114.87 446815.739998 16.719998999999998 9
85114.85 446815.43 16.93 9
85114.84 446815.139999 17.18 9
85114.82 446814.839996 17.48 9
85114.8 446814.519997 17.74 9
85114.79 446814.199997 18.0 9
85114.77 446813.900002 18.25 9
85114.75 446813.580002 18.57 9
85114.74 446813.290001 18.84 9
85114.72 446812.980003 19.059998999999998 9
85114.7 446812.690002 19.299999 9
85114.68 446812.370003 19.57 9
85114.67 446812.059998 19.84 9
85114.65 446811.75 20.08 9
85114.63 446811.440002 20.349999999999998 9
85114.61 446811.139999 20.599999999999998 9
85114.6 446810.849998 20.82 9
85114.58 446810.559998 21.120001 9
85114.57 446810.25 21.389999 9
85114.54 446809.919998 21.549999 1
85114.5 446809.620003 21.469998999999998 1
85114.47 446809.279999 21.48 1
85114.44 446808.980003 21.48 1
85114.4 446808.660004 21.48 1
85114.37 446808.360001 21.48 1
85114.33 446808.029999 21.49 1
85114.3 446807.699997 21.540001 1
85114.29 446807.410004 21.84 1
85114.28 446807.110001 22.219998999999998 1
85114.27 446806.809998 22.5 1
85114.26 446806.540001 22.84 1
85114.24 446806.239998 23.15 1
85114.24 446805.949997 23.549999 1
85114.22 446805.629997 23.849999999999998 1
85114.21 446805.360001 24.200001 1
85114.2 446805.050003 24.559998999999998 0
85114.16 446804.739998 24.459999 2
85114.1 446804.400002 24.040001 2
85114.04 446804.07 23.629998999999998 2
85113.97 446803.690002 23.16 2
85113.91 446803.339996 22.700001 2
85113.84 446802.989998 22.259999999999998 2
85113.78 446802.629997 21.82 2
85113.72 446802.279999 21.370001 2
85113.66 446801.949997 20.99 2
85113.6 446801.610001 20.599999999999998 2
85113.53 446801.239998 20.07 2
85113.47 446800.860001 19.68 2
85113.41 446800.529999 19.27 2
85113.34 446800.150002 18.809998999999998 2
85113.28 446799.82 18.389999 2
85113.21 446799.459999 17.9 2
85113.15 446799.120003 17.530001 2
85113.08 446798.739998 17.030001 2
85113.02 446798.370003 16.610001 2
85112.95 446798.010002 16.110001 2
85112.89 446797.639999 15.69 2
85114.62 446816.739998 15.79 9
85114.5 446816.660004 13.969999999999999 14
85114.58 446816.43 15.7 9
85114.56 446816.099998 16.0 9
85114.55 446815.790001 16.32 9
85114.53 446815.480003 16.559998999999998 9
85114.51 446815.160004 16.870001 9
85114.49 446814.860001 17.08 9
85114.48 446814.57 17.360001 9
85114.46 446814.269997 17.59 9
85114.44 446813.949997 17.860001 9
85114.43 446813.629997 18.15 9
85114.41 446813.339996 18.41 9
85114.39 446813.010002 18.700001 9
85114.38 446812.720001 18.940001 9
85114.36 446812.410004 19.169999999999998 9
85114.34 446812.129997 19.440001 9
85114.32 446811.809998 19.709999 9
85114.31 446811.5 19.969998999999998 9
85114.29 446811.190002 20.219998999999998 9
85114.27 446810.879997 20.450001 9
85114.25 446810.580002 20.709999 9
85114.24 446810.290001 20.98 9
85114.22 446810.0 21.24 9
85114.2 446809.690002 21.5 0
85114.17 446809.349998 21.5 1
85114.14 446809.050003 21.48 1
85114.1 446808.709999 21.48 1
85114.07 446808.410004 21.48 1
85114.03 446808.089996 21.49 1
85114.02 446807.809998 21.709999 1
85114.0 446807.489998 22.040001 1
85113.99 446807.190002 22.389999 1
85113.98 446806.900002 22.719998999999998 1
85113.97 446806.599998 23.07 1
85113.95 446806.300003 23.370001 1
85113.94 446806.019997 23.68 1
85113.93 446805.739998 24.009999999999998 1
85113.92 446805.43 24.349999999999998 1
85113.9 446805.120003 24.629998999999998 0
85113.84 446804.790001 24.200001 2
85113.78 446804.419998 23.75 2
85113.72 446804.089996 23.32 2
85113.65 446803.75 22.91 2
85113.59 446803.410004 22.469998999999998 2
85113.53 446803.040001 22.08 2
85113.46 446802.68 21.599999999999998 2
85113.4 446802.339996 21.190001 2
85113.34 446801.980003 20.74 2
85113.27 446801.629997 20.299999 2
85113.22 446801.300003 19.93 2
85113.15 446800.940002 19.469998999999998 2
85113.09 446800.580002 19.02 2
85113.02 446800.199997 18.549999 2
85112.96 446799.860001 18.15 2
85112.89 446799.480003 17.639999 2
85112.83 446799.150002 17.27 2
85112.77 446798.790001 16.83 2
85112.63 446798.050003 15.79 2
85112.59 446797.720001 15.77 2
85114.24 446816.199997 15.78 9
85114.13 446816.129997 13.979999999999999 14
85114.2 446815.900002 15.719999999999999 9
85114.19 446815.57 16.099999999999998 9
85114.18 446815.260002 16.389999 9
85114.16 446814.959999 16.639999 9
85114.14 446814.650002 16.919999999999998 9
85114.13 446814.339996 17.190001 9
85114.11 446814.040001 17.43 9
85114.09 446813.739998 17.66 9
85114.07 446813.43 17.959999 9
85114.06 446813.099998 18.25 9
85114.04 446812.82 18.469998999999998 9
85114.02 446812.489998 18.780001 9
85114.0 446812.199997 18.99 9
85113.99 446811.900002 19.24 9
85113.97 446811.610001 19.48 9
85113.95 446811.279999 19.77 9
85113.93 446810.970001 20.009999999999998 9
85113.92 446810.669998 20.290001 9
85113.9 446810.360001 20.52 9
85113.88 446810.059998 20.790001 9
85113.87 446809.779999 21.059998999999998 9
85113.85 446809.480003 21.299999 9
85113.83 446809.160004 21.549999 1
85113.79 446808.82 21.469998999999998 1
85113.76 446808.519997 21.48 1
85113.73 446808.190002 21.540001 1
85113.72 446807.910004 21.879998999999998 1
85113.7 446807.620003 22.18 1
85113.69 446807.339996 22.509999999999998 1
85113.68 446807.019997 22.870001 1
85113.67 446806.720001 23.219998999999998 1
85113.66 446806.43 23.530001 1
85113.64 446806.129997 23.860001 1
85113.63 446805.839996 24.200001 1
85113.62 446805.57 24.530001 1
85113.59 446805.25 24.5 2
85113.52 446804.889999 24.009999999999998 2
85113.45 446804.519997 23.559998999999998 2
85113.39 446804.190002 23.129998999999998 2
85113.33 446803.82 22.719998999999998 2
85113.27 446803.5 22.32 2
85113.21 446803.150002 21.870001 2
85113.14 446802.809998 21.389999 2
85113.08 446802.440002 20.98 2
85113.01 446802.080002 20.49 2
85112.95 446801.720001 20.040001 2
85112.89 446801.370003 19.639999 2
85112.83 446801.019997 19.290001 2
85112.76 446800.68 18.790001 2
85112.64 446799.970001 17.969998999999998 2
85112.57 446799.589996 17.469998999999998 2
85112.51 446799.239998 17.08 2
85112.44 446798.860001 16.59 2
85112.38 446798.519997 16.16 2
85112.31 446798.160004 15.69 2
85113.76 446815.650002 15.77 9
85113.65 446815.57 13.969999999999999 14
85113.73 446815.349998 15.719999999999999 9
85113.71 446815.019997 16.09 9
85113.69 446814.709999 16.349999999999998 9
85113.68 446814.400002 16.58 9
85113.66 446814.089996 16.889999 9
85113.64 446813.790001 17.16 9
85113.63 446813.5 17.43 9
85113.61 446813.190002 17.669999999999998 9
85113.59 446812.879997 17.950001 9
85113.58 446812.550003 18.219998999999998 9
85113.56 446812.269997 18.459999 9
85113.54 446811.940002 18.690001 9
85113.52 446811.650002 18.940001 9
85113.51 446811.349998 19.219998999999998 9
85113.49 446811.059998 19.469998999999998 9
85113.47 446810.730003 19.719998999999998 9
85113.45 446810.419998 20.009999999999998 9
85113.44 446810.129997 20.259999999999998 9
85113.42 446809.809998 20.509999999999998 9
85113.4 446809.519997 20.77 9
85113.38 446809.230003 20.98 9
85113.37 446808.919998 21.209999 0
85113.35 446808.620003 21.52 1
85113.33 446808.300003 21.799999 1
85113.32 446808.019997 22.129998999999998 1
85113.31 446807.699997 22.469998999999998 1
85113.3 446807.43 22.780001 1
85113.29 446807.129997 23.110001 1
85113.28 446806.849998 23.440001 1
85113.26 446806.540001 23.77 1
85113.25 446806.239998 24.09 1
85113.24 446805.949997 24.440001 1
85113.21 446805.629997 24.549999 2
85113.15 446805.290001 24.120001 2
85113.09 446804.959999 23.66 2
85113.02 446804.620003 23.23 2
85112.96 446804.269997 22.870001 2
85112.9 446803.900002 22.4 2
85112.84 446803.559998 21.959999 2
85112.77 446803.190002 21.549999 2
85112.71 446802.860001 21.08 2
85112.65 446802.510002 20.690001 2
85112.59 446802.18 20.259999999999998 2
85112.52 446801.800003 19.82 2
85112.45 446801.43 19.27 2
85112.39 446801.089996 18.93 2
85112.32 446800.720001 18.43 2
85112.26 446800.370003 17.98 2
85112.21 446800.040001 17.66 2
85112.14 446799.68 17.169999999999998 2
85112.07 446799.32 16.73 2
85112.01 446798.940002 16.33 2
85111.93 446798.580002 15.69 2
85113.22 446815.099998 15.76 9
85113.1 446815.010002 13.969999999999999 0
85113.18 446814.790001 15.7 9
85113.17 446814.459999 16.02 9
85113.15 446814.150002 16.32 9
85113.13 446813.839996 16.549999 9
85113.11 446813.529999 16.83 9
85113.1 446813.220001 17.07 9
85113.08 446812.93 17.290001 9
85113.06 446812.629997 17.530001 9
85113.04 446812.32 17.82 9
85113.03 446811.989998 18.120001 1
85113.02 446811.699997 18.440001 1
85113.0 446811.379997 18.780001 1
85112.99 446811.099998 19.129998999999998 1
85112.98 446810.800003 19.459999 1
85112.97 446810.519997 19.780001 1
85112.96 446810.199997 20.129998999999998 1
85112.94 446809.900002 20.469998999999998 1
85112.93 446809.599998 20.809998999999998 1
85112.92 446809.290001 21.120001 1
85112.91 446809.0 21.49 1
85112.89 446808.720001 21.77 1
85112.88 446808.43 22.099999999999998 1
85112.87 446808.129997 22.459999 1
85112.86 446807.809998 22.799999 1
85112.85 446807.529999 23.110001 1
85112.83 446807.209999 23.48 1
85112.82 446806.940002 23.77 1
85112.81 446806.639999 24.08 1
85112.8 446806.360001 24.389999 1
85112.77 446806.040001 24.59 2
85112.71 446805.690002 24.139999 2
85112.65 446805.349998 23.719998999999998 2
85112.58 446804.989998 23.27 2
85112.52 446804.650002 22.84 2
85112.46 446804.32 22.419999999999998 2
85112.4 446803.970001 21.969998999999998 2
85112.34 446803.620003 21.629998999999998 2
85112.27 446803.25 21.110001 2
85112.21 446802.919998 20.73 2
85112.14 446802.540001 20.209999 2
85112.08 446802.199997 19.790001 2
85112.02 446801.860001 19.43 2
85111.96 446801.519997 18.950001 2
85111.89 446801.139999 18.469998999999998 2
85111.76 446800.419998 17.57 2
85111.69 446800.059998 17.16 2
85111.63 446799.699997 16.68 2
85111.57 446799.360001 16.34 2
85111.5 446799.0 15.729999999999999 2
85111.46 446798.669998 15.76 2
85112.07 446815.32 4.5 0
85112.24 446815.139999 7.59 0
85112.58 446814.779999 13.969999999999999 0
85112.66 446814.540001 15.709999999999999 0
85112.65 446814.260002 16.059998999999998 1
85112.64 446813.93 16.43 1
85112.62 446813.620003 16.77 1
85112.61 446813.32 17.09 1
85112.6 446813.010002 17.469998999999998 1
85112.58 446812.709999 17.780001 1
85112.57 446812.419998 18.09 1
85112.56 446812.120003 18.43 1
85112.55 446811.82 18.780001 1
85112.53 446811.5 19.120001 1
85112.53 446811.220001 19.48 1
85112.51 446810.900002 19.83 1
85112.5 446810.610001 20.139999 1
85112.49 446810.309998 20.459999 1
85112.48 446810.029999 20.77 1
85112.46 446809.709999 21.110001 1
85112.45 446809.410004 21.440001 1
85112.43 446809.110001 21.719998999999998 1
85112.42 446808.800003 21.969998999999998 1
85112.4 446808.510002 22.25 1
85112.39 446808.220001 22.52 1
85112.37 446807.919998 22.75 1
85112.35 446807.610001 22.969998999999998 1
85112.33 446807.290001 23.25 1
85112.31 446807.010002 23.440001 1
85112.29 446806.690002 23.719998999999998 1
85112.28 446806.410004 24.009999999999998 1
85112.26 446806.110001 24.18 0
85112.2 446805.779999 23.780001 2
85112.14 446805.410004 23.349999999999998 2
85112.07 446805.059998 22.940001 2
85112.01 446804.709999 22.440001 2
85111.95 446804.360001 22.040001 2
85111.88 446804.019997 21.599999999999998 2
85111.82 446803.690002 21.200001 2
85111.76 446803.339996 20.759999999999998 2
85111.69 446802.980003 20.290001 2
85111.63 446802.599998 19.849999999999998 2
85111.57 446802.269997 19.43 2
85111.5 446801.889999 18.950001 2
85111.37 446801.209999 18.120001 2
85111.31 446800.870003 17.690001 2
85111.24 446800.480003 17.200001 2
85111.18 446800.120003 16.77 2
85111.11 446799.760002 16.299999 2
85111.04 446799.389999 15.76 2
85110.99 446799.050003 15.549999999999999 2
85112.17 446815.18 13.969999999999999 0
85112.25 446814.959999 15.729999999999999 0
85112.24 446814.629997 16.049999 1
85112.23 446814.339996 16.379998999999998 1
85112.21 446814.050003 16.73 1
85112.2 446813.760002 17.059998999999998 1
85112.19 446813.440002 17.389999 1
85112.18 446813.129997 17.74 1
85112.16 446812.82 18.02 1
85112.14 446812.510002 18.299999 1
85112.13 446812.199997 18.58 1
85112.11 446811.919998 18.84 1
85112.1 446811.620003 19.110001 1
85112.08 446811.309998 19.349999999999998 1
85112.06 446810.980003 19.629998999999998 1
85112.04 446810.690002 19.860001 1
85112.02 446810.370003 20.110001 1
85112.01 446810.080002 20.370001 1
85111.99 446809.779999 20.629998999999998 1
85111.98 446809.5 20.91 1
85111.96 446809.169998 21.139999 1
85111.94 446808.870003 21.41 1
85111.92 446808.559998 21.629998999999998 1
85111.91 446808.260002 21.919999999999998 1
85111.89 446807.949997 22.16 1
85111.87 446807.669998 22.360001 1
85111.86 446807.379997 22.66 1
85111.84 446807.07 22.9 1
85111.82 446806.75 23.16 1
85111.8 446806.470001 23.389999 1
85111.79 446806.150002 23.690001 0
85111.73 446805.830002 23.419999999999998 2
85111.67 446805.489998 22.99 2
85111.61 446805.160004 22.57 2
85111.55 446804.790001 22.120001 2
85111.48 446804.440002 21.690001 2
85111.42 446804.089996 21.209999 2
85111.35 446803.730003 20.780001 2
85111.29 446803.370003 20.309998999999998 2
85111.23 446803.040001 19.889999 2
85111.17 446802.699997 19.57 2
85111.04 446801.970001 18.65 2
85110.97 446801.629997 18.139999 2
85110.9 446801.25 17.68 2
85110.84 446800.910004 17.32 2
85110.78 446800.550003 16.870001 2
85110.72 446800.209999 16.450001 2
85110.64 446799.830002 15.91 2
85110.6 446799.489998 15.739999999999998 2
85111.75 446815.309998 13.969999999999999 0
85111.83 446815.059998 15.76 1
85111.8 446814.720001 15.91 1
85111.79 446814.43 16.18 1
85111.77 446814.099998 16.5 1
85111.75 446813.82 16.700001 1
85111.74 446813.510002 16.98 1
85111.72 446813.220001 17.219998999999998 1
85111.7 446812.889999 17.49 1
85111.68 446812.580002 17.73 1
85111.66 446812.269997 17.98 1
85111.64 446811.959999 18.23 1
85111.63 446811.660004 18.52 1
85111.62 446811.370003 18.790001 1
85111.6 446811.07 19.02 1
85111.58 446810.760002 19.280001 1
85111.56 446810.43 19.58 1
85111.55 446810.139999 19.83 1
85111.53 446809.82 20.07 1
85111.51 446809.529999 20.33 1
85111.49 446809.239998 20.59 1
85111.48 446808.949997 20.83 1
85111.46 446808.629997 21.139999 1
85111.44 446808.32 21.379998999999998 1
85111.42 446808.019997 21.610001 1
85111.41 446807.709999 21.879998999999998 1
85111.39 446807.410004 22.120001 1
85111.38 446807.129997 22.389999 1
85111.36 446806.839996 22.599999999999998 1
85111.34 446806.529999 22.879998999999998 1
85111.33 446806.209999 23.190001 1
85111.29 446805.910004 23.15 2
85111.22 446805.529999 22.620001 2
85111.16 446805.199997 22.209999 2
85111.1 446804.860001 21.77 2
85111.03 446804.529999 21.32 2
85110.97 446804.160004 20.940001 2
85110.9 446803.800003 20.419999999999998 2
85110.84 446803.459999 20.040001 2
85110.78 446803.089996 19.559998999999998 2
85110.71 446802.739998 19.139999 2
85110.65 446802.410004 18.68 2
85110.59 446802.059998 18.34 2
85110.52 446801.699997 17.83 2
85110.45 446801.32 17.370001 2
85110.39 446800.980003 16.93 2
85110.32 446800.599998 16.459999 2
85110.26 446800.260002 16.040001 2
85110.2 446799.910004 15.69 2
85111.43 446814.809998 15.76 1
85111.31 446814.730003 13.959999999999999 0
85111.39 446814.480003 15.7 1
85111.37 446814.150002 16.0 1
85111.35 446813.860001 16.259999999999998 1
85111.34 446813.529999 16.530001 1
85111.32 446813.239998 16.759999999999998 1
85111.3 446812.940002 17.049999 1
85111.28 446812.650002 17.24 1
85111.26 446812.32 17.52 1
85111.25 446812.010002 17.82 1
85111.23 446811.709999 18.09 1
85111.21 446811.389999 18.34 1
85111.2 446811.089996 18.599999999999998 1
85111.18 446810.800003 18.9 1
85111.16 446810.5 19.099999999999998 1
85111.15 446810.190002 19.360001 1
85111.13 446809.860001 19.620001 1
85111.11 446809.580002 19.849999999999998 1
85111.09 446809.25 20.15 1
85111.08 446808.970001 20.4 1
85111.06 446808.669998 20.639999 1
85111.04 446808.379997 20.879998999999998 1
85111.03 446808.059998 21.16 1
85111.01 446807.75 21.419999999999998 1
85110.99 446807.449997 21.65 1
85110.98 446807.150002 21.950001 1
85110.96 446806.849998 22.190001 1
85110.94 446806.57 22.43 1
85110.93 446806.269997 22.709999 1
85110.9 446805.949997 22.809998999999998 0
85110.83 446805.580002 22.34 2
85110.77 446805.25 21.889999 2
85110.7 446804.879997 21.43 2
85110.65 446804.559998 21.08 2
85110.58 446804.209999 20.66 2
85110.52 446803.870003 20.18 2
85110.45 446803.5 19.719998999999998 2
85110.38 446803.129997 19.219998999999998 2
85110.32 446802.790001 18.809998999999998 2
85110.26 446802.43 18.4 2
85110.19 446802.080002 17.93 2
85110.08 446801.400002 17.18 2
85110.01 446801.029999 16.700001 2
85109.94 446800.650002 16.219998999999998 2
85109.87 446800.300003 15.67 2
85111.07 446814.239998 15.77 1
85110.95 446814.150002 13.979999999999999 11
85111.03 446813.910004 15.739999999999998 1
85111.02 446813.589996 16.16 1
85111.01 446813.290001 16.389999 1
85110.99 446812.959999 16.66 1
85110.97 446812.669998 16.9 1
85110.95 446812.370003 17.169999999999998 1
85110.94 446812.080002 17.4 1
85110.92 446811.760002 17.68 1
85110.9 446811.440002 17.959999 1
85110.89 446811.139999 18.24 1
85110.87 446810.830002 18.469998999999998 1
85110.85 446810.529999 18.759999999999998 1
85110.84 446810.239998 19.0 1
85110.82 446809.940002 19.190001 1
85110.8 446809.629997 19.530001 1
85110.78 446809.300003 19.759999999999998 1
85110.77 446809.019997 20.030001 1
85110.75 446808.690002 20.299999 1
85110.73 446808.410004 20.530001 1
85110.72 446808.099998 20.799999 1
85110.7 446807.82 21.02 1
85110.68 446807.5 21.33 1
85110.66 446807.199997 21.559998999999998 1
85110.65 446806.900002 21.82 1
85110.63 446806.589996 22.07 1
85110.61 446806.290001 22.349999999999998 1
85110.59 446806.010002 22.549999 2
85110.54 446805.669998 22.169999999999998 2
85110.47 446805.309998 21.68 2
85110.4 446804.940002 21.23 2
85110.34 446804.610001 20.83 2
85110.28 446804.239998 20.370001 2
85110.21 446803.900002 19.919999999999998 2
85110.16 446803.559998 19.57 2
85110.09 446803.220001 19.139999 2
85110.02 446802.839996 18.629998999999998 2
85109.96 446802.489998 18.190001 2
85109.9 446802.129997 17.75 2
85109.83 446801.769997 17.290001 2
85109.77 446801.419998 16.9 2
85109.7 446801.080002 16.419999999999998 2
85109.64 446800.720001 16.0 2
85109.59 446800.370003 15.729999999999999 2
85110.81 446813.959999 15.77 1
85110.7 446813.870003 13.969999999999999 11
85110.78 446813.639999 15.7 1
85110.77 446813.330002 16.09 1
85110.75 446813.0 16.360001 1
85110.73 446812.720001 16.629998999999998 1
85110.71 446812.389999 16.9 1
85110.7 446812.099998 17.15 1
85110.68 446811.790001 17.389999 1
85110.66 446811.5 17.669999999999998 1
85110.64 446811.18 17.93 1
85110.63 446810.870003 18.209999 1
85110.61 446810.57 18.43 1
85110.59 446810.260002 18.74 1
85110.58 446809.949997 18.959999 1
85110.56 446809.660004 19.190001 1
85110.54 446809.360001 19.469998999999998 1
85110.53 446809.050003 19.77 1
85110.51 446808.730003 20.0 1
85110.49 446808.440002 20.23 1
85110.47 446808.129997 20.52 1
85110.45 446807.839996 20.74 1
85110.44 446807.540001 21.030001 1
85110.42 446807.25 21.259999999999998 1
85110.4 446806.93 21.52 1
85110.39 446806.620003 21.780001 1
85110.37 446806.330002 22.040001 1
85110.35 446806.019997 22.299999 1
85110.3 446805.68 21.940001 2
85110.24 446805.360001 21.549999 2
85110.17 446805.010002 21.099999999999998 2
85110.11 446804.650002 20.639999 2
85110.04 446804.279999 20.169999999999998 2
85109.98 446803.940002 19.73 2
85109.91 446803.57 19.27 2
85109.85 446803.239998 18.870001 2
85109.79 446802.889999 18.469998999999998 2
85109.73 446802.559998 18.049999 2
85109.66 446802.18 17.57 2
85109.6 446801.809998 17.15 2
85109.54 446801.459999 16.74 2
85109.47 446801.099998 16.309998999999998 2
85109.4 446800.730003 15.69 2
85109.37 446800.440002 15.75 2
85110.49 446813.690002 15.76 1
85110.38 446813.599998 13.95 11
85110.46 446813.379997 15.709999999999999 1
85110.44 446813.07 15.989999999999998 1
85110.42 446812.760002 16.27 1
85110.4 446812.43 16.509999999999998 1
85110.39 446812.150002 16.77 1
85110.37 446811.82 17.040001 1
85110.35 446811.529999 17.32 1
85110.34 446811.220001 17.58 1
85110.32 446810.940002 17.84 1
85110.3 446810.610001 18.07 1
85110.28 446810.300003 18.34 1
85110.26 446810.0 18.559998999999998 1
85110.25 446809.690002 18.879998999999998 1
85110.23 446809.389999 19.129998999999998 1
85110.21 446809.099998 19.349999999999998 1
85110.2 446808.800003 19.639999 1
85110.18 446808.480003 19.870001 1
85110.16 446808.160004 20.129998999999998 1
85110.14 446807.879997 20.370001 1
85110.13 446807.559998 20.66 1
85110.11 446807.279999 20.919999999999998 1
85110.09 446806.970001 21.15 1
85110.08 446806.690002 21.41 1
85110.06 446806.370003 21.68 1
85110.04 446806.059998 21.950001 1
85110.0 446805.739998 21.82 2
85109.93 446805.379997 21.309998999999998 2
85109.87 446805.040001 20.870001 2
85109.8 446804.699997 20.379998999999998 2
85109.74 446804.349998 19.950001 2
85109.68 446803.989998 19.530001 2
85109.62 446803.620003 19.169999999999998 2
85109.55 446803.290001 18.690001 2
85109.49 446802.910004 18.23 2
85109.43 446802.580002 17.790001 2
85109.36 446802.230003 17.379998999999998 2
85109.3 446801.889999 16.959999 2
85109.23 446801.510002 16.5 2
85109.17 446801.139999 16.02 2
85109.11 446800.800003 15.709999999999999 2
85110.06 446813.099998 15.77 1
85109.94 446813.010002 13.959999999999999 11
85110.02 446812.800003 15.7 1
85110.01 446812.489998 16.040001 1
85109.99 446812.18 16.290001 1
85109.97 446811.849998 16.540001 1
85109.96 446811.57 16.860001 1
85109.94 446811.239998 17.120001 1
85109.92 446810.949997 17.379998999999998 1
85109.9 446810.639999 17.599999999999998 1
85109.89 446810.360001 17.919999999999998 1
85109.87 446810.029999 18.15 1
85109.85 446809.720001 18.440001 1
85109.83 446809.419998 18.690001 1
85109.82 446809.110001 18.950001 1
85109.8 446808.809998 19.209999 1
85109.78 446808.519997 19.41 1
85109.76 446808.220001 19.690001 1
85109.75 446807.910004 19.93 1
85109.73 446807.589996 20.169999999999998 1
85109.71 446807.300003 20.459999 1
85109.69 446806.980003 20.719998999999998 1
85109.68 446806.699997 20.959999 1
85109.66 446806.400002 21.200001 1
85109.65 446806.120003 21.49 1
85109.61 446805.779999 21.509999999999998 2
85109.54 446805.419998 21.009999999999998 2
85109.48 446805.080002 20.59 2
85109.41 446804.709999 20.110001 2
85109.35 446804.370003 19.66 2
85109.29 446804.040001 19.25 2
85109.23 446803.690002 18.799999 2
85109.17 446803.330002 18.4 2
85109.1 446802.949997 17.919999999999998 2
85109.04 446802.620003 17.52 2
85108.97 446802.239998 17.049999 2
85108.91 446801.900002 16.620001 2
85108.84 446801.550003 16.200001 2
85108.78 446801.209999 15.68 2
85109.56 446812.529999 15.77 1
85109.44 446812.440002 13.969999999999999 11
85109.52 446812.220001 15.69 1
85109.51 446811.93 16.009999999999998 1
85109.49 446811.610001 16.32 1
85109.47 446811.290001 16.610001 1
85109.45 446810.989998 16.83 1
85109.44 446810.660004 17.120001 1
85109.42 446810.379997 17.309998999999998 1
85109.4 446810.07 17.57 1
85109.38 446809.790001 17.83 1
85109.37 446809.470001 18.16 1
85109.35 446809.150002 18.349999999999998 1
85109.33 446808.849998 18.66 1
85109.31 446808.540001 18.879998999999998 1
85109.3 446808.239998 19.16 1
85109.28 446807.949997 19.43 1
85109.26 446807.660004 19.65 1
85109.25 446807.349998 19.93 1
85109.23 446807.029999 20.209999 1
85109.21 446806.739998 20.43 1
85109.19 446806.419998 20.73 1
85109.18 446806.129997 20.940001 1
85109.15 446805.830002 21.129998999999998 2
85109.09 446805.5 20.68 2
85109.03 446805.129997 20.23 2
85108.96 446804.769997 19.790001 2
85108.9 446804.419998 19.349999999999998 2
85108.83 446804.059998 18.870001 2
85108.77 446803.709999 18.469998999999998 2
85108.71 446803.379997 18.049999 2
85108.64 446803.029999 17.57 2
85108.58 446802.669998 17.169999999999998 2
85108.51 446802.290001 16.68 2
85108.45 446801.949997 16.25 2
85108.37 446801.559998 15.67 2
85108.35 446801.260002 15.739999999999998 2
85109.05 446812.0 15.75 1
85108.94 446811.900002 13.95 11
85109.02 446811.690002 15.7 1
85109.0 446811.379997 15.93 1
85108.98 446811.07 16.209999 1
85108.96 446810.739998 16.48 1
85108.95 446810.459999 16.780001 1
85108.93 446810.129997 17.0 1
85108.91 446809.839996 17.23 1
85108.89 446809.540001 17.509999999999998 1
85108.88 446809.25 17.790001 1
85108.86 446808.93 18.099999999999998 1
85108.84 446808.610001 18.27 1
85108.83 446808.32 18.599999999999998 1
85108.81 446808.010002 18.799999 1
85108.79 446807.709999 19.110001 1
85108.78 446807.419998 19.349999999999998 1
85108.76 446807.120003 19.58 1
85108.74 446806.809998 19.849999999999998 1
85108.72 446806.489998 20.15 1
85108.7 446806.199997 20.360001 1
85108.69 446805.879997 20.65 0
85108.63 446805.559998 20.349999999999998 2
85108.57 446805.220001 19.889999 2
85108.51 446804.889999 19.469998999999998 2
85108.44 446804.510002 19.02 2
85108.37 446804.150002 18.509999999999998 2
85108.31 446803.800003 18.120001 2
85108.25 446803.440002 17.709999 2
85108.18 446803.089996 17.23 2
85108.12 446802.760002 16.790001 2
85108.07 446802.410004 16.459999 2
85107.99 446802.029999 15.799999999999999 2
85107.95 446801.68 15.76 2
85108.47 446811.150002 15.75 1
85108.43 446810.830002 15.729999999999999 1
85108.42 446810.519997 16.07 1
85108.4 446810.199997 16.419999999999998 1
85108.38 446809.910004 16.620001 1
85108.37 446809.580002 16.9 1
85108.35 446809.300003 17.129998999999998 1
85108.33 446808.989998 17.419999999999998 1
85108.32 446808.699997 17.65 1
85108.3 446808.379997 17.98 1
85108.28 446808.07 18.219998999999998 1
85108.26 446807.769997 18.450001 1
85108.25 446807.459999 18.700001 1
85108.23 446807.160004 18.98 1
85108.21 446806.870003 19.23 1
85108.2 446806.57 19.49 1
85108.18 446806.260002 19.74 1
85108.16 446805.940002 20.049999 1
85108.13 446805.639999 20.02 2
85108.05 446805.260002 19.459999 2
85108.0 446804.940002 19.059998999999998 2
85107.93 446804.589996 18.66 2
85107.87 446804.25 18.219998999999998 2
85107.8 446803.870003 17.73 2
85107.74 446803.510002 17.32 2
85107.67 446803.160004 16.83 2
85107.61 446802.800003 16.4 2
85107.54 446802.449997 15.92 2
85107.5 446802.129997 15.75 2
85107.93 446810.589996 15.76 1
85107.81 446810.489998 13.94 11
85107.89 446810.269997 15.69 1
85107.88 446809.959999 16.030001 1
85107.86 446809.629997 16.290001 1
85107.85 446809.349998 16.59 1
85107.83 446809.019997 16.860001 1
85107.81 446808.730003 17.110001 1
85107.8 446808.43 17.379998999999998 1
85107.78 446808.150002 17.599999999999998 1
85107.76 446807.82 17.879998999999998 1
85107.75 446807.510002 18.169999999999998 1
85107.73 446807.209999 18.43 1
85107.71 446806.900002 18.68 1
85107.69 446806.599998 18.93 1
85107.68 446806.32 19.169999999999998 1
85107.66 446806.019997 19.419999999999998 1
85107.64 446805.699997 19.57 2
85107.57 446805.330002 19.110001 2
85107.51 446805.0 18.690001 2
85107.44 446804.620003 18.24 2
85107.38 446804.290001 17.82 2
85107.32 446803.940002 17.389999 2
85107.26 446803.610001 17.040001 2
85107.18 446803.230003 16.48 2
85107.12 446802.860001 15.989999999999998 2
85107.06 446802.519997 15.739999999999998 2
85107.45 446810.040001 15.77 1
85107.33 446809.93 13.95 11
85107.41 446809.709999 15.69 1
85107.4 446809.400002 16.009999999999998 1
85107.38 446809.080002 16.360001 1
85107.36 446808.779999 16.559998999999998 1
85107.35 446808.459999 16.870001 1
85107.33 446808.18 17.120001 1
85107.31 446807.879997 17.349999999999998 1
85107.3 446807.589996 17.58 1
85107.28 446807.269997 17.889999 1
85107.26 446806.949997 18.169999999999998 1
85107.25 446806.650002 18.41 1
85107.23 446806.339996 18.65 1
85107.21 446806.040001 18.919999999999998 1
85107.19 446805.760002 19.16 1
85107.14 446805.419998 18.809998999999998 2
85107.07 446805.050003 18.280001 2
85107.0 446804.690002 17.91 2
85106.94 446804.349998 17.469998999999998 2
85106.87 446803.970001 17.02 2
85106.82 446803.639999 16.65 2
85106.75 446803.290001 16.190001 2
85106.69 446802.949997 15.69 2
85107.03 446809.5 15.76 1
85106.91 446809.400002 13.969999999999999 11
85106.99 446809.18 15.7 1
85106.98 446808.879997 16.059998999999998 1
85106.96 446808.550003 16.349999999999998 1
85106.95 446808.269997 16.639999 1
85106.93 446807.940002 16.879998999999998 1
85106.91 446807.650002 17.129998999999998 1
85106.89 446807.349998 17.389999 1
85106.88 446807.059998 17.620001 1
85106.86 446806.739998 17.9 1
85106.84 446806.43 18.18 1
85106.82 446806.129997 18.43 1
85106.81 446805.830002 18.719998999999998 1
85106.77 446805.5 18.57 2
85106.7 446805.160004 18.110001 2
85106.64 446804.809998 17.639999 2
85106.57 446804.449997 17.23 2
85106.5 446804.080002 16.759999999999998 2
85106.44 446803.739998 16.34 2
85106.36 446803.349998 15.709999999999999 2
85106.34 446803.050003 15.77 2
85106.5 446809.160004 13.95 11
85106.58 446808.959999 15.75 1
85106.46 446808.860001 13.969999999999999 11
85106.55 446808.650002 15.739999999999998 1
85106.54 446808.339996 16.09 1
85106.52 446808.010002 16.370001 1
85106.5 446807.720001 16.639999 1
85106.48 446807.400002 16.889999 1
85106.47 446807.110001 17.129998999999998 1
85106.45 446806.809998 17.370001 1
85106.43 446806.529999 17.639999 1
85106.42 446806.209999 17.940001 1
85106.4 446805.900002 18.219998999999998 1
85106.37 446805.580002 18.290001 2
85106.3 446805.220001 17.82 2
85106.24 446804.870003 17.389999 2
85106.18 446804.540001 16.969998999999998 2
85106.11 446804.190002 16.469998999999998 2
85106.05 446803.830002 16.099999999999998 2
85105.99 446803.459999 15.739999999999998 2
85106.2 446808.699997 15.78 1
85106.08 446808.580002 13.94 11
85106.17 446808.389999 15.709999999999999 1
85106.14 446808.080002 15.86 1
85106.13 446807.769997 16.16 1
85106.11 446807.449997 16.469998999999998 1
85106.09 446807.160004 16.68 1
85106.07 446806.830002 16.93 1
85106.06 446806.540001 17.200001 1
85106.04 446806.25 17.48 1
85106.03 446805.959999 17.73 1
85106.01 446805.639999 17.99 2
85105.94 446805.279999 17.540001 2
85105.88 446804.93 17.129998999999998 2
85105.81 446804.57 16.620001 2
85105.75 446804.220001 16.219998999999998 2
85105.68 446803.879997 15.7 2
85105.83 446808.129997 15.77 1
85105.71 446808.019997 13.94 11
85105.79 446807.830002 15.7 1
85105.78 446807.529999 15.969999999999999 1
85105.76 446807.220001 16.280001 1
85105.74 446806.889999 16.530001 1
85105.73 446806.599998 16.809998999999998 1
85105.71 446806.279999 17.059998999999998 1
85105.69 446805.989998 17.32 1
85105.68 446805.690002 17.599999999999998 1
85105.63 446805.370003 17.34 0
85105.56 446805.0 16.9 2
85105.49 446804.639999 16.41 2
85105.43 446804.290001 16.0 2
85105.38 446803.940002 15.77 2
85105.47 446807.540001 15.709999999999999 1
85105.45 446807.25 15.87 1
85105.44 446806.940002 16.16 1
85105.42 446806.639999 16.43 1
85105.4 446806.309998 16.700001 1
85105.38 446806.019997 16.93 1
85105.37 446805.709999 17.27 1
85105.33 446805.400002 17.18 0
85105.26 446805.040001 16.669999999999998 2
85105.2 446804.699997 16.23 2
85105.13 446804.32 15.7 2
85105.04 446807.309998 15.78 1
85105.01 446806.980003 15.709999999999999 1
85104.98 446806.690002 15.86 1
85104.97 446806.379997 16.16 1
85104.95 446806.080002 16.469998999999998 1
85104.94 446805.760002 16.780001 1
85104.91 446805.459999 16.799999 0
85104.84 446805.080002 16.33 2
85104.77 446804.739998 15.76 2
85104.73 446804.419998 15.77 2
85104.47 446806.419998 15.739999999999998 1
85104.44 446806.120003 15.78 1
85104.43 446805.82 16.099999999999998 1
85104.41 446805.510002 16.370001 0
85104.34 446805.129997 15.83 2
85104.3 446804.82 15.78 2
85103.91 446805.870003 15.77 1
85103.87 446805.57 15.739999999999998 0
85103.84 446805.25 15.78 0
85103.72 446805.129997 13.969999999999999 10
